title,category
   조롱  독일 뤼디거  원숭이 취급에 발끈한 내로남불 재조명,World
    국가가 재산권 통제  국가화 계획시장 으로 간다 ,World
       랩터 이어 핵추진잠수함  오키나와 기항 공개,World
소련 국민차  모스크비치  부활  중국산  랑 똑같아 보인다 ,World
 피라미드  올라가 춤춘   대   머리채 잡히고 물벼락 ,World
 왕따 인싸  빈 살만  튀르키예 구세주로     억  통화스와프 논의 ,World
일본도 독일 꺾었는데 중국은    내부서 자조적 비판 목소리,World
확진자 폭발한     조여진 방역에 성난 민심 최고조,World
     정상회의 곳곳서 파열음 푸틴 입지도  흔들 ,World
 우리에게 해준 게 뭐야     푸틴  아르메니아서  굴욕 ,World
영문도 몰랐던  기내 액체 반입 금지  영국부터 사라진다,World
 르포   방역 최적화 라 쓰고  봉쇄 라 읽는  코로나 정책,World
 헤르손 내준 푸틴  전쟁 지면 종말   생명 위협 느낄만큼 두려워해 ,World
기시다  독일전 승리 일본 대표팀에  멋진 승리  열도 열광,World
 현대차   서 역대 최고 점유율     전망 ,World
  유세땐 어묵인데 대만 선거 후보들 채소 들고 찰칵  왜 ,World
코로나 규제 없애고 대박난  이곳  한국 관광객도 줄지었다,World
 같은 행성 맞냐      노마스크 월드컵 본 중국인들 뿔났다,World
애플 주가 어제는 올랐지만 정저우 공장 충격 견딜 수 있을까 ,World
    우크라 조기 패전 선호   존슨 주장 일축  완전 헛소리 ,World
 폭력사태    폭스콘  공장 떠나면    만원 지급 ,World
추수감사절 앞두고   명 사살    월마트 총기난사 용의자는 매장 매니저,World
 공급망 비상  애플   정저우 폭스콘 공장에 직원 파견,World
   방역 고삐 죄면서 경기부양 돈 풀기,World
영국 떠나 독립하려던 스코틀랜드  이번엔 대법원에 막혔다,World
 연임 시진핑  사회주의국 정상 연쇄 초청 북한은 언제 ,World
감염자 폭증에 결국 또 봉쇄 베이징서 재현된  패닉 바잉 ,World
 폭스콘  시위 벌인 신규 노동자에  즉시 떠나면    만원 줄게 ,World
 냉전 덕분    밀착 강화하는   유럽 경제,World
 푸틴 심각한 타격 생명 위협 느낄정도  러시아에 무슨일이 ,World
신규 감염자 역대 최다 중국  올봄  팬데믹 과 다른 점은,World
 봉쇄 그만  임금 내놔   대규모 시위에   폭스콘  퇴사시    만원  제안,World
정저우공장 시위 얼마나 심각하길래 애플도 직원 파견 종합 ,World
  코로나 감염자  년만에 최고 방역 고삐 풀렸나,World
푸틴  징집 가족 면담 거부 확산  계획된 자리 안 간다 ,World
    러시아  테러지원국   겨울 노린 공습 계속,World
 본선은 못 올랐지만     월드컵 실리 챙기기,World
   나발니에 썼던 노비촉처럼 러  화학무기 우려 ,World
위기의  기시다   백지 영수증  문제 인정    내년 초 국회 해산  소문도,World
우크라 전황  겨울에 바뀌나 러  우크라 인프라 시설 집중 타격,World
 폭력사태    폭스콘  공장 떠나면    만원 지급 ,World
추수감사절 앞두고   명 사살    월마트 총기난사 용의자는 매장 매니저,World
 공급망 비상  애플   정저우 폭스콘 공장에 직원 파견,World
   방역 고삐 죄면서 경기부양 돈 풀기,World
영국 떠나 독립하려던 스코틀랜드  이번엔 대법원에 막혔다,World
 연임 시진핑  사회주의국 정상 연쇄 초청 북한은 언제 ,World
감염자 폭증에 결국 또 봉쇄 베이징서 재현된  패닉 바잉 ,World
 폭스콘  시위 벌인 신규 노동자에  즉시 떠나면    만원 줄게 ,World
 냉전 덕분    밀착 강화하는   유럽 경제,World
 푸틴 심각한 타격 생명 위협 느낄정도  러시아에 무슨일이 ,World
신규 감염자 역대 최다 중국  올봄  팬데믹 과 다른 점은,World
 봉쇄 그만  임금 내놔   대규모 시위에   폭스콘  퇴사시    만원  제안,World
정저우공장 시위 얼마나 심각하길래 애플도 직원 파견 종합 ,World
  코로나 감염자  년만에 최고 방역 고삐 풀렸나,World
푸틴  징집 가족 면담 거부 확산  계획된 자리 안 간다 ,World
    러시아  테러지원국   겨울 노린 공습 계속,World
 본선은 못 올랐지만     월드컵 실리 챙기기,World
   나발니에 썼던 노비촉처럼 러  화학무기 우려 ,World
위기의  기시다   백지 영수증  문제 인정    내년 초 국회 해산  소문도,World
우크라 전황  겨울에 바뀌나 러  우크라 인프라 시설 집중 타격,World
 폭력사태    폭스콘  공장 떠나면    만원 지급 ,World
추수감사절 앞두고   명 사살    월마트 총기난사 용의자는 매장 매니저,World
 공급망 비상  애플   정저우 폭스콘 공장에 직원 파견,World
   방역 고삐 죄면서 경기부양 돈 풀기,World
영국 떠나 독립하려던 스코틀랜드  이번엔 대법원에 막혔다,World
 연임 시진핑  사회주의국 정상 연쇄 초청 북한은 언제 ,World
감염자 폭증에 결국 또 봉쇄 베이징서 재현된  패닉 바잉 ,World
 폭스콘  시위 벌인 신규 노동자에  즉시 떠나면    만원 줄게 ,World
 냉전 덕분    밀착 강화하는   유럽 경제,World
 푸틴 심각한 타격 생명 위협 느낄정도  러시아에 무슨일이 ,World
신규 감염자 역대 최다 중국  올봄  팬데믹 과 다른 점은,World
 봉쇄 그만  임금 내놔   대규모 시위에   폭스콘  퇴사시    만원  제안,World
정저우공장 시위 얼마나 심각하길래 애플도 직원 파견 종합 ,World
  코로나 감염자  년만에 최고 방역 고삐 풀렸나,World
푸틴  징집 가족 면담 거부 확산  계획된 자리 안 간다 ,World
    러시아  테러지원국   겨울 노린 공습 계속,World
 본선은 못 올랐지만     월드컵 실리 챙기기,World
   나발니에 썼던 노비촉처럼 러  화학무기 우려 ,World
위기의  기시다   백지 영수증  문제 인정    내년 초 국회 해산  소문도,World
우크라 전황  겨울에 바뀌나 러  우크라 인프라 시설 집중 타격,World
 폭력사태    폭스콘  공장 떠나면    만원 지급 ,World
추수감사절 앞두고   명 사살    월마트 총기난사 용의자는 매장 매니저,World
 공급망 비상  애플   정저우 폭스콘 공장에 직원 파견,World
   방역 고삐 죄면서 경기부양 돈 풀기,World
영국 떠나 독립하려던 스코틀랜드  이번엔 대법원에 막혔다,World
 연임 시진핑  사회주의국 정상 연쇄 초청 북한은 언제 ,World
감염자 폭증에 결국 또 봉쇄 베이징서 재현된  패닉 바잉 ,World
 폭스콘  시위 벌인 신규 노동자에  즉시 떠나면    만원 줄게 ,World
 냉전 덕분    밀착 강화하는   유럽 경제,World
 푸틴 심각한 타격 생명 위협 느낄정도  러시아에 무슨일이 ,World
신규 감염자 역대 최다 중국  올봄  팬데믹 과 다른 점은,World
 봉쇄 그만  임금 내놔   대규모 시위에   폭스콘  퇴사시    만원  제안,World
정저우공장 시위 얼마나 심각하길래 애플도 직원 파견 종합 ,World
  코로나 감염자  년만에 최고 방역 고삐 풀렸나,World
푸틴  징집 가족 면담 거부 확산  계획된 자리 안 간다 ,World
    러시아  테러지원국   겨울 노린 공습 계속,World
 본선은 못 올랐지만     월드컵 실리 챙기기,World
   나발니에 썼던 노비촉처럼 러  화학무기 우려 ,World
위기의  기시다   백지 영수증  문제 인정    내년 초 국회 해산  소문도,World
우크라 전황  겨울에 바뀌나 러  우크라 인프라 시설 집중 타격,World
 폭력사태    폭스콘  공장 떠나면    만원 지급 ,World
추수감사절 앞두고   명 사살    월마트 총기난사 용의자는 매장 매니저,World
 공급망 비상  애플   정저우 폭스콘 공장에 직원 파견,World
   방역 고삐 죄면서 경기부양 돈 풀기,World
영국 떠나 독립하려던 스코틀랜드  이번엔 대법원에 막혔다,World
 연임 시진핑  사회주의국 정상 연쇄 초청 북한은 언제 ,World
감염자 폭증에 결국 또 봉쇄 베이징서 재현된  패닉 바잉 ,World
 폭스콘  시위 벌인 신규 노동자에  즉시 떠나면    만원 줄게 ,World
 냉전 덕분    밀착 강화하는   유럽 경제,World
 푸틴 심각한 타격 생명 위협 느낄정도  러시아에 무슨일이 ,World
신규 감염자 역대 최다 중국  올봄  팬데믹 과 다른 점은,World
 봉쇄 그만  임금 내놔   대규모 시위에   폭스콘  퇴사시    만원  제안,World
정저우공장 시위 얼마나 심각하길래 애플도 직원 파견 종합 ,World
  코로나 감염자  년만에 최고 방역 고삐 풀렸나,World
푸틴  징집 가족 면담 거부 확산  계획된 자리 안 간다 ,World
    러시아  테러지원국   겨울 노린 공습 계속,World
 본선은 못 올랐지만     월드컵 실리 챙기기,World
   나발니에 썼던 노비촉처럼 러  화학무기 우려 ,World
위기의  기시다   백지 영수증  문제 인정    내년 초 국회 해산  소문도,World
우크라 전황  겨울에 바뀌나 러  우크라 인프라 시설 집중 타격,World
  연준  금리 인상 속도 늦춰야    경기침체 가능성 언급,World
러 대대적 공습 속    첨단 요격미사일 등 우크라 추가 지원,World
 한 지붕 두 대통령  베네수엘라   년여만에 협상 재개,World
 영하   도  겨울전쟁서 반전 노리는 러 우크라 전기 집중 타격,World
러시아군 미사일   발 공습   명 사망  곳곳 정전,World
  년전 호수에 풀어놨는데     초대형 금붕어로 자랐다,World
 전차군단  독일 이긴 일본  한국에 행운의  한 마디 ,World
   우크라에 드론용 대공포 등  억 달러 규모 추가 군사지원 종합 ,World
뉴욕증시        속도 조절  언급에 상승 마감 테슬라    가까이 급등,World
    러시아  테러지원국   겨울 노린 공습 계속,World
테슬라       니콜라         전기차 일제  종합 ,World
러  미사일   발 발사 우크라 전 지역에서 정전,World
 월드컵    상대 역전승 거둔   시부야 메운 열기에  감개무량 ,World
정저우 공장 노동자 시위에도 애플 상승한 이유는  상보 ,World
러  공습으로 우크라 전역에 전력 식수 차단   원전 가동도 한시 중단키로,World
연준  금리인상 속도조절 필요  달러 강세 미 경제 부담,World
교황  우크라   스탈린이 부른 대기근과 비슷 ,World
  년만의 인플레 속  블프    지갑 닫을까 열까  힘들어도 블프 ,World
빅터차  북  미 확장억제 신뢰성에 의구심 키우려      발사 ,World
우크라 전체가 불 꺼졌다 러시아 또 대규모 미사일 세례,World
  연준  금리 인상 속도 늦춰야    경기침체 가능성 언급,World
러 대대적 공습 속    첨단 요격미사일 등 우크라 추가 지원,World
 한 지붕 두 대통령  베네수엘라   년여만에 협상 재개,World
 영하   도  겨울전쟁서 반전 노리는 러 우크라 전기 집중 타격,World
러시아군 미사일   발 공습   명 사망  곳곳 정전,World
  년전 호수에 풀어놨는데     초대형 금붕어로 자랐다,World
 전차군단  독일 이긴 일본  한국에 행운의  한 마디 ,World
   우크라에 드론용 대공포 등  억 달러 규모 추가 군사지원 종합 ,World
뉴욕증시        속도 조절  언급에 상승 마감 테슬라    가까이 급등,World
    러시아  테러지원국   겨울 노린 공습 계속,World
테슬라       니콜라         전기차 일제  종합 ,World
러  미사일   발 발사 우크라 전 지역에서 정전,World
 월드컵    상대 역전승 거둔   시부야 메운 열기에  감개무량 ,World
정저우 공장 노동자 시위에도 애플 상승한 이유는  상보 ,World
러  공습으로 우크라 전역에 전력 식수 차단   원전 가동도 한시 중단키로,World
연준  금리인상 속도조절 필요  달러 강세 미 경제 부담,World
교황  우크라   스탈린이 부른 대기근과 비슷 ,World
  년만의 인플레 속  블프    지갑 닫을까 열까  힘들어도 블프 ,World
빅터차  북  미 확장억제 신뢰성에 의구심 키우려      발사 ,World
우크라 전체가 불 꺼졌다 러시아 또 대규모 미사일 세례,World
  연준  금리 인상 속도 늦춰야    경기침체 가능성 언급,World
러 대대적 공습 속    첨단 요격미사일 등 우크라 추가 지원,World
 한 지붕 두 대통령  베네수엘라   년여만에 협상 재개,World
 영하   도  겨울전쟁서 반전 노리는 러 우크라 전기 집중 타격,World
러시아군 미사일   발 공습   명 사망  곳곳 정전,World
  년전 호수에 풀어놨는데     초대형 금붕어로 자랐다,World
 전차군단  독일 이긴 일본  한국에 행운의  한 마디 ,World
   우크라에 드론용 대공포 등  억 달러 규모 추가 군사지원 종합 ,World
뉴욕증시        속도 조절  언급에 상승 마감 테슬라    가까이 급등,World
    러시아  테러지원국   겨울 노린 공습 계속,World
테슬라       니콜라         전기차 일제  종합 ,World
러  미사일   발 발사 우크라 전 지역에서 정전,World
 월드컵    상대 역전승 거둔   시부야 메운 열기에  감개무량 ,World
정저우 공장 노동자 시위에도 애플 상승한 이유는  상보 ,World
러  공습으로 우크라 전역에 전력 식수 차단   원전 가동도 한시 중단키로,World
연준  금리인상 속도조절 필요  달러 강세 미 경제 부담,World
교황  우크라   스탈린이 부른 대기근과 비슷 ,World
  년만의 인플레 속  블프    지갑 닫을까 열까  힘들어도 블프 ,World
빅터차  북  미 확장억제 신뢰성에 의구심 키우려      발사 ,World
우크라 전체가 불 꺼졌다 러시아 또 대규모 미사일 세례,World
  연준  금리 인상 속도 늦춰야    경기침체 가능성 언급,World
러 대대적 공습 속    첨단 요격미사일 등 우크라 추가 지원,World
 한 지붕 두 대통령  베네수엘라   년여만에 협상 재개,World
 영하   도  겨울전쟁서 반전 노리는 러 우크라 전기 집중 타격,World
러시아군 미사일   발 공습   명 사망  곳곳 정전,World
  년전 호수에 풀어놨는데     초대형 금붕어로 자랐다,World
파우치 알레르기 전염병연구소장의  마지막 당부   백신 꼭 맞으세요 ,World
멈춰 선   베이징 우리 기업 교민 피해 커질까 우려,World
빈 살만도 가족과  덩실덩실  사우디 승리 순간,World
사우디  아르헨 꺾었다  기적 대이변  열광의 도가니,World
우크라 전역에 공습 경보 키이우  하르키우  드니프로 등에 미사일,World
     원숭이두창  대신   두창 으로 명칭 바꾼다,World
사우디  아르헨 잡고 대이변 중동이 들썩,World
 러  우크라 산부인과 병동 폭격 신생아 숨졌다  젤렌스키  공포와 살인 ,World
   노마스크  월드컵에 허탈    같은 시대 다른 세상 ,World
에르도안  시리아 북부 쿠르드 지역 지상침공 다짐,World
푸틴  전쟁터에   만명 더 보내나  실행하면 몰락할 수도 ,World
 영상     가데나 공군기지서 대북 위력시위        등   여대 동원,World
 못 살겠다  대탈출 폭스콘 이젠 집단시위,World
 나 마크롱인데  개그맨에게 낚인 폴란드 대통령,World
   인태사령부에 우주군 첫 창설            겨냥,World
유럽연합      협상 진전 없으면 법 만들어 맞대응    한국 전기차 더 힘들어 지나 ,World
마크롱 사칭 전화에 속은 폴란드 대통령  속마음 털어놔,World
우크라 사방에 미사일 날아와 사망자와 정전 속출,World
미  인도 태평양사령부에 우주군 부대 창설,World
 본선은 못 올랐지만     월드컵 실리 챙기기,World
개최지는 카타르인데 월드컵 특수 제대로 누리는  두바이 ,World
 대지진  전조인가  불의 고리  잇따라 흔들  이유는,World
  아이폰 공장서 수백명 과격 시위  체불임금 보너스 지급 요구,World
중국 아이폰 공장서 노동자 경찰 격렬 충돌  미지급 임금 달라 ,World
유럽연합      협상 진전 없으면 법 만들어 맞대응    한국 전기차 더 힘들어 지나 ,World
홍콩  국가대표에  국가 오류 정정 안되면 경기장 떠나라 ,World
걷잡을 수 없는 확산세     비상     폭스콘 노동자 경찰 대치,World
      한국 반도체  잡겠다며 토요타 소니 뭉쳤다 파급력은 ,World
정치생명 끝난  말레이 국부  마하티르  국민 선택 받아들인다 ,World
  만  떨어진 달 궤도에 순찰대 뜬다     우주군  지구 달 공간 감시,World
 국제왕따 서 인싸로   에도    조 보따리  푼 왕세자 존재감 커졌다,World
 니킥  부상 당한 사우디 선수에 빈 살만  개인 제트기 내줬다,World
홍콩  국가대표에  국가     오류 정정 안되면 경기장 떠나라 ,World
 영상  우크라  최후의 고지  킨부른 거의 탈환 크림반도까지 사정권,World
 트럼프 악몽같은 날    세금내역 공개 거부  법 앞에 안통했다,World
서방  러 원유값 상한    선에 합의할 듯,World
 년에 한번 돌아오는 특수인데  카타르 월드컵 광고주에겐 지뢰밭 ,World
세계  위 제품 최다 보유국   턱밑까지 따라온  ,World
   베이징 상하이  준봉쇄  하루 확진  만명 코앞,World
 자막뉴스    대 위협 중  개가 있는 곳       인도 태평양사령부에 우주군 창설,World
 사우디가 아랍에 기쁨 줬다  단교했던 카타르도 축하해,World
 어항에는 입장불가          대왕 금붕어 나왔다,World
 차 동원령 없다더니  러   월에   만명 동원 준비 중  주장 나와,World
       러시아산 원유  배럴당   달러  상한 전망  러  공급 중단 ,World
식사 한 끼  억원 물 한잔  만 천원  미쳤다  지적받는 영수증 한 장,World
   폭스콘 노동자  임금미지급 항의하며 대규모 시위 ,World
시뻘건  용암 폭탄  러시아 활화산 동시 분화 대폭발 징후  포착 ,World
봉쇄 또 봉쇄 코로나 비상 베이징  고강도 방역 유턴,World
  언론  카타르서 봉변당한 한국 리포터에 응원 봇물 프로다웠다 ,World
러 야당  동원령 종료 공식 확인하는 법령 필요  푸틴에 서한,World
    철권 에 입 닫는 홍콩 증권가 투자정보 불투명성 심화 ,World
 국제적 왕따  빈 살만  월드컵 계기로 국제무대 돌아오나,World
푸틴  내년  월   차 동원령  가능성 최대   만명,World
 영상  우크라  최후의 고지  킨부른 거의 탈환 크림반도까지 사정권,World
 트럼프 악몽같은 날    세금내역 공개 거부  법 앞에 안통했다,World
서방  러 원유값 상한    선에 합의할 듯,World
 년에 한번 돌아오는 특수인데  카타르 월드컵 광고주에겐 지뢰밭 ,World
세계  위 제품 최다 보유국   턱밑까지 따라온  ,World
   베이징 상하이  준봉쇄  하루 확진  만명 코앞,World
 중국 폭스콘 노동자  임금 지급 요구하며 대규모 시위 ,World
두바이  카타르 맥주 금지 덕분에 월드컵 특수  톡톡 ,World
머스크 트위터에 정신 팔렸는데 손놓은  거수기  테슬라 이사회,World
 푸틴  최대   만명 추가 징집  우크라  러  차 동원령 주장,World
 홍콩 민주화노래 틀어준  에 감사      글 올린 홍콩인  체포됐다,World
  철거 집행관 앞에 무릎 꿇고  살려달라  애원한 노점상의 사연,World
존슨  독일  한때 전쟁 장기화보다 우크라의 신속한 패배 선호 ,World
시진핑한테 꾸중 들은 캐나다 총리    해외 경찰서  조사로 맞불,World
    중동서 에너지 전쟁    빈살만 면책특권에   카타르서 초대형     수입,World
우크라     탈환   영하   도  전면전 평화협정 갈림길,World
 국제적 왕따가  인싸 로 돌아왔다  존재감 급변한 빈 살만,World
제러미 시겔  내년말   기준금리   로 내려가도 놀라지 않을 것 ,World
 반도체 숨통 조여가는  제재 반도체장비 수입규모     ,World
 독일  우크라 패배로 인한 전쟁 조기종식 선호했다 ,World
독일선  월드컵 보이콧 하자  확산  성소수자 옹호 완장 에 불붙은 인권 논쟁,World
장중머우      창업자   에  나노 건설  대만 정부   나노 이하는 국내에 ,World
   코로나 신규 확진  만명 육박  초창기 이후 최악 ,World
 독일  한때 우크라 신속 패배 선호  전  총리의 모두까기 ,World
대만 경제부장   나노 이하 반도체 공정은 대만에 남긴다 ,World
사우디 빈 살만 왕세자   방문 취소 왜  필요성 못 느껴서,World
 중국 폭스콘 노동자  임금 지급 요구하며 대규모 시위 ,World
두바이  카타르 맥주 금지 덕분에 월드컵 특수  톡톡 ,World
머스크 트위터에 정신 팔렸는데 손놓은  거수기  테슬라 이사회,World
축구 외교 잘 나가는 사우디  아르헨 꺾고  빈 살만 존재감    ,World
 월드컵 보니 마스크 쓴 사람이 없네   제로코로나  중국인들  분노 ,World
우크라에 성큼 찾아온 겨울 전쟁  최대 변수 로 떠올라,World
   기가팩토리 투자 요청에   머스크    최우선 후보지 중 하나 ,World
 에 반기든 네덜란드   중국 반도체장비 수출  우리가 결정할 것 ,World
 르포  코로나 비상 베이징  아파트 단지 봉쇄식  방역 유턴,World
 뉴스외전 포커스   협상 어려울 것 이번 겨울 전황이 미래 좌우 ,World
폴란드 대통령  마크롱 사칭 러 코미디언 전화에 속았다,World
 바이든    는 중국식 전략  맹비판       맞불 입법  경고,World
머스크  트위터 정리해고 이제 끝   좋은 사람 소개시켜줘 ,World
소녀가장 역경 딛고 일어선 한국계    네바다주 대법관에 오르다,World
우크라   헤르손 수복 이래 추가 남하 킨부른 반도 탈환 가시권,World
   인태사령부에 우주군부대 첫 창설 중국과 러시아  북한 위협 염두,World
     국경 되찾겠다는 우크라 러  크름반도 드론 공격받았다 ,World
 정작 겨울전쟁은 푸틴 구하지 못한다 러 군대 끝장날 수도 ,World
 러시아   차 동원령 추진 내년  월   만 명 징집 ,World
 특파원 리포트    세 마하티르 퇴장 그리고 이슬람 정당의 직진,World
우크라  킨부른 반도 거의 탈환  크림반도 턱밑 에 교두보 확보,World
 존슨     러 침공 가능성 부정    우크라 조기 패배 선호  폭로,World
 슈퍼을       보유국 네덜란드   에 반기   에 반도체 장비 팔 것 ,World
러  내년  월 추가 징집 가능성  최대   만 명 규모  차 동원령 추진 ,World
 영상  미국 첫 우주군부대  인태사령부에 들어섰다 중 러 겨냥,World
폴란드 대통령 굴욕  나 마크롱인데  러 코미디언에 낚였다,World
일파만파     사태   코인대부업체 대형거래소도 파산 위기,World
이란 축구팀  시위대 지지했다  정작 이란 시민 반응 싸늘한 까닭은,World
      원숭이두창  이름서  원숭이  뺀다 낙인효과 우려,World
 시진핑  다자외교무대서 각본 없는 솔직한 모습으로 강한 인상 ,World
원숭이두창    두창 으로 이름 바꾼다   일 발표 전망,World
   의존 탈피해야       반격 능력  보유로 안보전략 큰틀 바꾼다,World
사우디 왕세자 방일 취소 이유  이틀 전 돌연  갈 필요 없다 ,World
 미국 중국 해빙은 아직     관계 개선에  선  그은 미국,World
러  전력망 공격 계속  젤렌스키  겨울 추위도 대량살상무기화 ,World
     개 첨단기술서 점유율 확대    세계  위  개 그쳐,World
뉴욕  땅값 비싼 명품 쇼핑가 홍콩 제치고  위,World
 줌인  카타르 월드컵 스포트라이트 훔친 빈 살만 사우디 왕세자,World
    억 돌려줘      뿔난  버드와이저      에 거액 공제 요구,World
마크롱 사칭한 러 코미디언의 전화 폴란드 대통령도 당했다,World
   예측불허   억제할 마음도 뚜렷한 수단도 없어 로이터,World
벌써 눈 영하권 진입한 우크라  겨울 추위로 수백만 명 목숨 위험 ,World
젤렌스키  러   추위 를 살상무기로  수백만명 생명 위협,World
중국  코로나 발생 이후 가장 심각한 상황  봉쇄 영향 상하이 때보다 커,World
반러 인사 환자까지 인간방패 쓴 러    만명 추가 징병할듯 ,World
 뉴스  뉴스    안보리  북     제재  무산 김정은 딸 공개 의미는 ,World
 공화당 기존 정치인의 오만이 트럼프 지지 굳힌다     ,World
 사우디 왕세자   필요없다  판단 방일 취소 중국식 발전노선 지향 ,World
헤르손서 철수한 러군  박물관 소장품     약탈 크름반도로 이전,World
   수출 통제에 서방 동맹과   반도체 기술 격차 커진다 ,World
      세계경제  전쟁에 둔화 지속   인도 덕에 침체는 피해 ,World
       러시아 원유값    달러 상한  전망 러시아  안 팔아 ,World
 이젠 크림반도도 위험하다  푸틴  어쩌다 이지경까지 됐나,World
  언론  빈 살만  스스로 방일 필요없다 판단해 취소 ,World
미 상원의원들  러 함정 공격용 무인기 우크라에 제공해야 ,World
러  올해 북극해 항로 전체 화물 운송량  천   만  전망 ,World
카타르 월드컵 마스코트도 중국 것     경기장  숙박시설 등 다 중국산 ,World
 줌인  카타르 월드컵 스포트라이트 훔친 빈 살만 사우디 왕세자,World
    억 돌려줘      뿔난  버드와이저      에 거액 공제 요구,World
마크롱 사칭한 러 코미디언의 전화 폴란드 대통령도 당했다,World
   예측불허   억제할 마음도 뚜렷한 수단도 없어 로이터,World
벌써 눈 영하권 진입한 우크라  겨울 추위로 수백만 명 목숨 위험 ,World
젤렌스키  러   추위 를 살상무기로  수백만명 생명 위협,World
중국  코로나 발생 이후 가장 심각한 상황  봉쇄 영향 상하이 때보다 커,World
반러 인사 환자까지 인간방패 쓴 러    만명 추가 징병할듯 ,World
 뉴스  뉴스    안보리  북     제재  무산 김정은 딸 공개 의미는 ,World
 공화당 기존 정치인의 오만이 트럼프 지지 굳힌다     ,World
 사우디 왕세자   필요없다  판단 방일 취소 중국식 발전노선 지향 ,World
헤르손서 철수한 러군  박물관 소장품     약탈 크름반도로 이전,World
   수출 통제에 서방 동맹과   반도체 기술 격차 커진다 ,World
      세계경제  전쟁에 둔화 지속   인도 덕에 침체는 피해 ,World
       러시아 원유값    달러 상한  전망 러시아  안 팔아 ,World
 이젠 크림반도도 위험하다  푸틴  어쩌다 이지경까지 됐나,World
  언론  빈 살만  스스로 방일 필요없다 판단해 취소 ,World
미 상원의원들  러 함정 공격용 무인기 우크라에 제공해야 ,World
러  올해 북극해 항로 전체 화물 운송량  천   만  전망 ,World
카타르 월드컵 마스코트도 중국 것     경기장  숙박시설 등 다 중국산 ,World
 줌인  카타르 월드컵 스포트라이트 훔친 빈 살만 사우디 왕세자,World
    억 돌려줘      뿔난  버드와이저      에 거액 공제 요구,World
마크롱 사칭한 러 코미디언의 전화 폴란드 대통령도 당했다,World
   예측불허   억제할 마음도 뚜렷한 수단도 없어 로이터,World
벌써 눈 영하권 진입한 우크라  겨울 추위로 수백만 명 목숨 위험 ,World
엉망진창 이란  우라늄 농축 확대  꺼내든 이유는 ,World
  위의 반란 아르헨 꺾자 빈 살만 사우디 왕세자  덩실덩실 ,World
 겨울추위로 수백만명 목숨 위험  우크라  국제사회에 지원 호소,World
중국 코로나 신규     명 총   만    명   나흘 만에 사망  ,World
 러   차 동원령 추진  차   만명은 전투의지 상실 ,World
 장기전 준비하나  러시아  월  차 징집설     만   만명 규모 ,World
중국 마윈의 앤트그룹에  조    억원 벌금 부과,World
 영상  사우디 승리  기적 에 빈 살만도 덩실덩실 공휴일 지정에  오일 세일 까지   나우 어스 ,World
우크라에 벌써 눈 영하권 추위  외투 담요 뒤집어쓴채 잔다 ,World
            마크롱인줄 알았는데 개그맨에 속은 폴란드 대통령,World
 자막뉴스      위험한 행동    마주한 미중 국방  심상치 않은 기류,World
 가장 큰 드론 전쟁터  된 우크라 ,World
폴란드 대통령도 낚였다 마크롱인척 속인 러시아인의 정체,World
 흑자 월드컵    년간 딱 한 번   최대 돈잔치 카타르는 ,World
우크라 세계문화유산 수도원 단속 나서자 러시아 강력 반발,World
월가 공포지수 폭락     증시 약세장 회귀 가능성  ,World
우크라  러시아    만 명 규모  차 동원령 추진 ,World
 월드컵  사우디에  만원 베팅해    만원 받아갔다,World
 이러다 러시아 남자 다 사라질라  푸틴  이번엔 또 무슨 짓을,World
 징둥  고위직 미안해   임원 급여 깎아 배달원 정규직 대우,World
 우승 후보  아르헨 잡았다 사우디  공휴일 지정  축포,World
  상원의원들  우크라  살상력 높일 것    킬러 드론  보내라 ,World
     러 원유 가격 상한액   달러 유력   영향은 ,World
           인플레 완화 위해 연준과 금리 격차 줄여야 ,World
사우디  아르헨 꺾고 대이변       안정환 김성주 월드컵 중계 또  위,World
 이란 무인기  대이란 제재에도 부품     미국산     ,World
 월드컵 영상    번의 슈팅 모두 골   분 만에  메시  격침한 사우디  월드컵 실시간 ,World
젤렌스키  러시아  올겨울 추위를  대량살상무기 로 이용하려 해 ,World
미국 안보전문가  시진핑  대만 합병 위한 일정표 갖고 있다 ,World
맨유  호날두와 결별한 날 매각 가능성 시인      팬들 기뻐할 것 ,World
서방 유가상한제 가시화에 러  대유럽 가스 공급 추가 제한 위협,World
  달 기지에서 사용할    급 원자로 개발,World
왜 미국 말 들어야 하냐        에 반도체 장비 팔겠다 ,World
   세계  위 품목    개로  에 이어  위  보다  배 많아,World
   이란제 드론 대항할  살상 드론  투입할까,World
바이낸스 창업자       가상자산 붕괴 위기 막으려 오일머니 타진,World
성소수자 배신한 베컴에   코미디언 가짜 돈 분쇄쇼,World
아르헨 잡은 사우디 감독  원래는   감독 될 뻔  의지 상당했다 ,World
 영상   러    차 동원령  통해 최대   만명 징병 추진 계획   나우 어스 ,World
카타르 맥주 금지 덕분  월드컵 최대 특수 누리는 이 도시,World
우크라 정부 인사  러   차 동원령 추진   만 명 징병 계획 ,World
호날두  맨유 떠난다  남은 주급 못 받게 돼 ,World
 러시아   차 동원령   만명 징병 계획 ,World
 월드리포트   미국 탓  제재 완화 필요  중   러 주장 어디까지 맞나,World
 러   차 동원령 추진 이번엔   만명 징병 계획 ,World
 뉴스라이더  인도네시아 지진 참사     명 사망    교민 안전은 ,World
 도발 다음날      폭격기 보낸    동맹과 훈련 계속할 것 ,World
 민주화 노래 틀어준 한국 고맙다  글 쓴 홍콩 남성 구속,World
속내 들킨 폴란드 대통령  마크롱 사칭전화에  러와 전쟁 원치 않아 ,World
월드컵 특수 효과도 톡톡 두바이 여행객 코로나 이전 수준 회복,World
 우크라  러 점령 영토     탈환  갈 길 먼 겨울 전투 향방은,World
세계 최고 임대료의 명품 쇼핑가는  홍콩  뉴욕에 자리 내주고  위,World
 러  최대   만명  차 동원령 계획   차   만명은 전투의지 상실 ,World
해리스  바이든 재선 지지  러닝메이트로 함께할 것 ,World
   이란제 드론 대항할  살상 드론  투입할까,World
바이낸스 창업자       가상자산 붕괴 위기 막으려 오일머니 타진,World
성소수자 배신한 베컴에   코미디언 가짜 돈 분쇄쇼,World
 더 적게  더 짧게  전력난에 불 끄는 유럽의 크리스마스,World
 기후위기현장을 가다   물의 나라  네덜란드의 아이러니  가뭄에 지하수 부족 ,World
     러시아 원유 수입 상한가   달러로 합의 예정 ,World
가족끼리 얼싸안고 환호  빈 살만이 공개한 승리 순간 사진,World
 에어컨 틀면 전투기 소리    만원짜리 카타르 숙소  난민촌  연상,World
젤렌스키  러  겨울추위를  대량살상무기 로 쓰려고해 ,World
 원래대로면   년생    년 된 냉동 배아에서 쌍둥이 탄생,World
바이든  학자금대출 상환유예 또 연장  대법원 판단 지켜볼 것 ,World
  년만에 은퇴하는 파우치  마지막 말조차  즉시 백신 맞으라 ,World
 우승후보 아르헨 꺾었다  환호  사우디    일 공휴일 선포,World
 영상  우크라  헤르손 탈환 여세 몰아 크름반도 수복전 나서나  드론 공격   나우 어스 ,World
러시아 우크라이나  헤르손 미콜라이우 등에서 격전,World
 청년들이   살 케네디 세 아닌    살 할아버지 의원에 표를 던진 이유는 ,World
우크라 국민 수백만 강추위에 생존 기로,World
폴란드 대통령  마크롱 사칭 러시아인에 낚여 전화통화,World
 자막뉴스  발칸반도 화약고  일촉즉발     제  우크라 사태  초긴장,World
미국  인태사령부에 우주군부대 창설,World
  년 전 냉동된  배아  쌍둥이로 태어나 세계 최장 기록,World
 태평양공군사령부       한반도 재출동해 시행한 훈련 성공적 ,World
입 놀리던 호날두  잔여연봉     억  못받고 맨유 방출,World
 더 적게  더 짧게  전력난에 불 끄는 유럽의 크리스마스,World
 기후위기현장을 가다   물의 나라  네덜란드의 아이러니  가뭄에 지하수 부족 ,World
     러시아 원유 수입 상한가   달러로 합의 예정 ,World
가족끼리 얼싸안고 환호  빈 살만이 공개한 승리 순간 사진,World
 에어컨 틀면 전투기 소리    만원짜리 카타르 숙소  난민촌  연상,World
젤렌스키  러  겨울추위를  대량살상무기 로 쓰려고해 ,World
 원래대로면   년생    년 된 냉동 배아에서 쌍둥이 탄생,World
바이든  학자금대출 상환유예 또 연장  대법원 판단 지켜볼 것 ,World
  년만에 은퇴하는 파우치  마지막 말조차  즉시 백신 맞으라 ,World
 우승후보 아르헨 꺾었다  환호  사우디    일 공휴일 선포,World
 영상  우크라  헤르손 탈환 여세 몰아 크름반도 수복전 나서나  드론 공격   나우 어스 ,World
러시아 우크라이나  헤르손 미콜라이우 등에서 격전,World
 청년들이   살 케네디 세 아닌    살 할아버지 의원에 표를 던진 이유는 ,World
우크라 국민 수백만 강추위에 생존 기로,World
폴란드 대통령  마크롱 사칭 러시아인에 낚여 전화통화,World
 자막뉴스  발칸반도 화약고  일촉즉발     제  우크라 사태  초긴장,World
미국  인태사령부에 우주군부대 창설,World
  년 전 냉동된  배아  쌍둥이로 태어나 세계 최장 기록,World
 태평양공군사령부       한반도 재출동해 시행한 훈련 성공적 ,World
이란  포르도 핵시설 개량형 원심분리기로     우라늄 농축 종합 ,World
중 러  비토권 행사에  안보리        논의 또  빈손 ,World
         협상  성과 없으면  유럽산 우선 구매법  만들 것 ,World
 특파원 시선  코소보 세르비아 갈등서 드러난   의 무능함,World
   에너지 식량 사재기  공급망 봉쇄 대비 나섰다,World
대만 결사항전 태세  중국 무력통일 의지 시한폭탄 같은 대치,World
    후폭풍  코인 대출업체 제네시스 파산 위기,World
디즈니 구할    세 구원투수  돌아왔다,World
 에너지 문어발  중국  카타르서   년간   조원어치     확보,World
    가스값 상한선     유로  설정 추진 러는 추가감축  엄포 ,World
메시의 아르헨 잡았다 대이변 사우디  공휴일 선포 ,World
튀르키예  테러 뿌리 뽑을 것  쿠르드   소탕 작전 강행 시사,World
미 상원 양당 의원들  우크라에 첨단 공격 드론 보내라 ,World
 우크라  살상력 높일 것   가 꽁꽁 숨겨둔 킬러 드론의 정체,World
호날두  맨체스터에서 방출,World
 뉴욕유가  사우디 증산설 부인에  거래일만에 상승,World
  번호판 교체 싸고  코소보 세르비아 또 충돌 위기,World
디즈니 경영진 반란에  아이거 전     전격 귀환,World
  부통령  팔라완 방문에   외교부  타 국가 이익 해치지 마라  경고,World
  초소형 무인 탐사기  달 착륙  실패   우주 도전 잇단 고배,World
자동차 번호판이 뭐길래   코소보 세르비아  위기  고조,World
 축구의 신  메시 잡은 사우디  모래 바람 ,World
블링컨   국무장관  월드컵  무지개 완장  금지 비판,World
우주 장악해야 전쟁 막는다    인 태사령부에 우주군사령부 신설,World
러시아  우크라경유 가스공급 축소 서유럽행 유일잔존 루트,World
 방역 만리장성  무너졌다   확진자 폭증에 베이징 사실상 준봉쇄,World
인도네시아 지진  사망자 최소    명    얕은 진원 에 파괴력 컸다,World
해리스 방문에 마르코스  미국 없는 필리핀 상상 못해  화답,World
코로나 일일 감염자     명 돌파 다시 걸어 잠그는 베이징,World
위기감 부추겨  셀프 혹사  머스크  트위터선 안 될걸,World
튀르키예     이스탄불 폭발 배후 조직에 대한 지원 중단하라 ,World
일 정부 소집 전문가회의  적기지 공격력 필수  안보 틀 확 바뀐다,World
메시의 라스트 댄스 출발부터  암초 ,World
 영상   흔들  공포의 비명  인니 지진 순간 사망자 계속 증가,World
      세계경제  올해 완만 성장에서 내년엔 성장세 더 위축 ,World
곤봉 수갑에 벽열등도 러  철수한 헤르손  고문시설  끔찍,World
   금융당국  앤트그룹에    조원 벌금 부과할 듯 ,World
  빅테크 해고 인도계 인력에  날벼락   왜 ,World
 개월 견뎌온 우크라  추위와 단전의  개월  겨울 터널  속으로,World
대러 제재 느슨해지자       동맹국에  무역통제 강화  압박 외교,World
 중국  앤트그룹에  조     억원 벌금 부과할 듯 ,World
유럽의원들 머리카락에서 살충제    무서운 진실  목수정의 바스티유 광장 ,World
 기록적 폭설  뉴욕서 눈 치우다  명 과로사 얼마나 왔길래,World
인니 서자바 지진 사망자    명으로 늘어 매몰자 구조에 사력 종합 ,World
스포츠로도 번진 이란 반정부 시위 연대,World
내년  퍼펙트스톰  전 세계 강타  한국   대 저성장 늪 속으로,World
이란  나탄즈에 이어 지하 포르도에서도    순도 우라늄농축 실시중,World
남아공 민주화 투쟁 거물 암살범    년 복역 끝 가석방 논란,World
      전쟁으로 탄력 잃은 세계 경제 인플레 잡기가 최우선 ,World
 중국  앤트그룹에  조 천억원 벌금 부과하고 단속 끝낼 듯 ,World
 영상   천궁       비호 에 반한 사우디     방산   조원 오일머니 잭팟 터지나 ,World
기시다  정치인생 최대 위기  고독하고 힘들다  공개 토로  왜 ,World
메시의 라스트 댄스 출발부터  암초 ,World
 영상   흔들  공포의 비명  인니 지진 순간 사망자 계속 증가,World
      세계경제  올해 완만 성장에서 내년엔 성장세 더 위축 ,World
곤봉 수갑에 벽열등도 러  철수한 헤르손  고문시설  끔찍,World
   금융당국  앤트그룹에    조원 벌금 부과할 듯 ,World
  빅테크 해고 인도계 인력에  날벼락   왜 ,World
 개월 견뎌온 우크라  추위와 단전의  개월  겨울 터널  속으로,World
대러 제재 느슨해지자       동맹국에  무역통제 강화  압박 외교,World
 중국  앤트그룹에  조     억원 벌금 부과할 듯 ,World
유럽의원들 머리카락에서 살충제    무서운 진실  목수정의 바스티유 광장 ,World
 기록적 폭설  뉴욕서 눈 치우다  명 과로사 얼마나 왔길래,World
인니 서자바 지진 사망자    명으로 늘어 매몰자 구조에 사력 종합 ,World
스포츠로도 번진 이란 반정부 시위 연대,World
내년  퍼펙트스톰  전 세계 강타  한국   대 저성장 늪 속으로,World
이란  나탄즈에 이어 지하 포르도에서도    순도 우라늄농축 실시중,World
남아공 민주화 투쟁 거물 암살범    년 복역 끝 가석방 논란,World
      전쟁으로 탄력 잃은 세계 경제 인플레 잡기가 최우선 ,World
 중국  앤트그룹에  조 천억원 벌금 부과하고 단속 끝낼 듯 ,World
 영상   천궁       비호 에 반한 사우디     방산   조원 오일머니 잭팟 터지나 ,World
기시다  정치인생 최대 위기  고독하고 힘들다  공개 토로  왜 ,World
메시의 라스트 댄스 출발부터  암초 ,World
 영상   흔들  공포의 비명  인니 지진 순간 사망자 계속 증가,World
      세계경제  올해 완만 성장에서 내년엔 성장세 더 위축 ,World
곤봉 수갑에 벽열등도 러  철수한 헤르손  고문시설  끔찍,World
   금융당국  앤트그룹에    조원 벌금 부과할 듯 ,World
  빅테크 해고 인도계 인력에  날벼락   왜 ,World
 개월 견뎌온 우크라  추위와 단전의  개월  겨울 터널  속으로,World
대러 제재 느슨해지자       동맹국에  무역통제 강화  압박 외교,World
 중국  앤트그룹에  조     억원 벌금 부과할 듯 ,World
유럽의원들 머리카락에서 살충제    무서운 진실  목수정의 바스티유 광장 ,World
 기록적 폭설  뉴욕서 눈 치우다  명 과로사 얼마나 왔길래,World
인니 서자바 지진 사망자    명으로 늘어 매몰자 구조에 사력 종합 ,World
스포츠로도 번진 이란 반정부 시위 연대,World
내년  퍼펙트스톰  전 세계 강타  한국   대 저성장 늪 속으로,World
이란  나탄즈에 이어 지하 포르도에서도    순도 우라늄농축 실시중,World
남아공 민주화 투쟁 거물 암살범    년 복역 끝 가석방 논란,World
      전쟁으로 탄력 잃은 세계 경제 인플레 잡기가 최우선 ,World
 중국  앤트그룹에  조 천억원 벌금 부과하고 단속 끝낼 듯 ,World
 영상   천궁       비호 에 반한 사우디     방산   조원 오일머니 잭팟 터지나 ,World
기시다  정치인생 최대 위기  고독하고 힘들다  공개 토로  왜 ,World
메시의 라스트 댄스 출발부터  암초 ,World
 영상   흔들  공포의 비명  인니 지진 순간 사망자 계속 증가,World
      세계경제  올해 완만 성장에서 내년엔 성장세 더 위축 ,World
곤봉 수갑에 벽열등도 러  철수한 헤르손  고문시설  끔찍,World
   금융당국  앤트그룹에    조원 벌금 부과할 듯 ,World
  빅테크 해고 인도계 인력에  날벼락   왜 ,World
 개월 견뎌온 우크라  추위와 단전의  개월  겨울 터널  속으로,World
대러 제재 느슨해지자       동맹국에  무역통제 강화  압박 외교,World
 중국  앤트그룹에  조     억원 벌금 부과할 듯 ,World
유럽의원들 머리카락에서 살충제    무서운 진실  목수정의 바스티유 광장 ,World
 기록적 폭설  뉴욕서 눈 치우다  명 과로사 얼마나 왔길래,World
인니 서자바 지진 사망자    명으로 늘어 매몰자 구조에 사력 종합 ,World
스포츠로도 번진 이란 반정부 시위 연대,World
내년  퍼펙트스톰  전 세계 강타  한국   대 저성장 늪 속으로,World
이란  나탄즈에 이어 지하 포르도에서도    순도 우라늄농축 실시중,World
남아공 민주화 투쟁 거물 암살범    년 복역 끝 가석방 논란,World
      전쟁으로 탄력 잃은 세계 경제 인플레 잡기가 최우선 ,World
 중국  앤트그룹에  조 천억원 벌금 부과하고 단속 끝낼 듯 ,World
 영상   천궁       비호 에 반한 사우디     방산   조원 오일머니 잭팟 터지나 ,World
기시다  정치인생 최대 위기  고독하고 힘들다  공개 토로  왜 ,World
메시의 라스트 댄스 출발부터  암초 ,World
 영상   흔들  공포의 비명  인니 지진 순간 사망자 계속 증가,World
      세계경제  올해 완만 성장에서 내년엔 성장세 더 위축 ,World
곤봉 수갑에 벽열등도 러  철수한 헤르손  고문시설  끔찍,World
   금융당국  앤트그룹에    조원 벌금 부과할 듯 ,World
  빅테크 해고 인도계 인력에  날벼락   왜 ,World
 개월 견뎌온 우크라  추위와 단전의  개월  겨울 터널  속으로,World
대러 제재 느슨해지자       동맹국에  무역통제 강화  압박 외교,World
 중국  앤트그룹에  조     억원 벌금 부과할 듯 ,World
유럽의원들 머리카락에서 살충제    무서운 진실  목수정의 바스티유 광장 ,World
 기록적 폭설  뉴욕서 눈 치우다  명 과로사 얼마나 왔길래,World
인니 서자바 지진 사망자    명으로 늘어 매몰자 구조에 사력 종합 ,World
스포츠로도 번진 이란 반정부 시위 연대,World
내년  퍼펙트스톰  전 세계 강타  한국   대 저성장 늪 속으로,World
이란  나탄즈에 이어 지하 포르도에서도    순도 우라늄농축 실시중,World
남아공 민주화 투쟁 거물 암살범    년 복역 끝 가석방 논란,World
      전쟁으로 탄력 잃은 세계 경제 인플레 잡기가 최우선 ,World
 중국  앤트그룹에  조 천억원 벌금 부과하고 단속 끝낼 듯 ,World
 영상   천궁       비호 에 반한 사우디     방산   조원 오일머니 잭팟 터지나 ,World
기시다  정치인생 최대 위기  고독하고 힘들다  공개 토로  왜 ,World
메시의 라스트 댄스 출발부터  암초 ,World
 영상   흔들  공포의 비명  인니 지진 순간 사망자 계속 증가,World
      세계경제  올해 완만 성장에서 내년엔 성장세 더 위축 ,World
곤봉 수갑에 벽열등도 러  철수한 헤르손  고문시설  끔찍,World
   금융당국  앤트그룹에    조원 벌금 부과할 듯 ,World
  빅테크 해고 인도계 인력에  날벼락   왜 ,World
 개월 견뎌온 우크라  추위와 단전의  개월  겨울 터널  속으로,World
대러 제재 느슨해지자       동맹국에  무역통제 강화  압박 외교,World
 중국  앤트그룹에  조     억원 벌금 부과할 듯 ,World
유럽의원들 머리카락에서 살충제    무서운 진실  목수정의 바스티유 광장 ,World
 기록적 폭설  뉴욕서 눈 치우다  명 과로사 얼마나 왔길래,World
인니 서자바 지진 사망자    명으로 늘어 매몰자 구조에 사력 종합 ,World
스포츠로도 번진 이란 반정부 시위 연대,World
내년  퍼펙트스톰  전 세계 강타  한국   대 저성장 늪 속으로,World
이란  나탄즈에 이어 지하 포르도에서도    순도 우라늄농축 실시중,World
남아공 민주화 투쟁 거물 암살범    년 복역 끝 가석방 논란,World
      전쟁으로 탄력 잃은 세계 경제 인플레 잡기가 최우선 ,World
 중국  앤트그룹에  조 천억원 벌금 부과하고 단속 끝낼 듯 ,World
 영상   천궁       비호 에 반한 사우디     방산   조원 오일머니 잭팟 터지나 ,World
기시다  정치인생 최대 위기  고독하고 힘들다  공개 토로  왜 ,World
메시의 라스트 댄스 출발부터  암초 ,World
 영상   흔들  공포의 비명  인니 지진 순간 사망자 계속 증가,World
      세계경제  올해 완만 성장에서 내년엔 성장세 더 위축 ,World
곤봉 수갑에 벽열등도 러  철수한 헤르손  고문시설  끔찍,World
   금융당국  앤트그룹에    조원 벌금 부과할 듯 ,World
  빅테크 해고 인도계 인력에  날벼락   왜 ,World
 개월 견뎌온 우크라  추위와 단전의  개월  겨울 터널  속으로,World
대러 제재 느슨해지자       동맹국에  무역통제 강화  압박 외교,World
 중국  앤트그룹에  조     억원 벌금 부과할 듯 ,World
유럽의원들 머리카락에서 살충제    무서운 진실  목수정의 바스티유 광장 ,World
 기록적 폭설  뉴욕서 눈 치우다  명 과로사 얼마나 왔길래,World
인니 서자바 지진 사망자    명으로 늘어 매몰자 구조에 사력 종합 ,World
스포츠로도 번진 이란 반정부 시위 연대,World
내년  퍼펙트스톰  전 세계 강타  한국   대 저성장 늪 속으로,World
이란  나탄즈에 이어 지하 포르도에서도    순도 우라늄농축 실시중,World
남아공 민주화 투쟁 거물 암살범    년 복역 끝 가석방 논란,World
      전쟁으로 탄력 잃은 세계 경제 인플레 잡기가 최우선 ,World
 중국  앤트그룹에  조 천억원 벌금 부과하고 단속 끝낼 듯 ,World
 영상   천궁       비호 에 반한 사우디     방산   조원 오일머니 잭팟 터지나 ,World
기시다  정치인생 최대 위기  고독하고 힘들다  공개 토로  왜 ,World
메시의 라스트 댄스 출발부터  암초 ,World
 영상   흔들  공포의 비명  인니 지진 순간 사망자 계속 증가,World
      세계경제  올해 완만 성장에서 내년엔 성장세 더 위축 ,World
곤봉 수갑에 벽열등도 러  철수한 헤르손  고문시설  끔찍,World
   금융당국  앤트그룹에    조원 벌금 부과할 듯 ,World
  빅테크 해고 인도계 인력에  날벼락   왜 ,World
 개월 견뎌온 우크라  추위와 단전의  개월  겨울 터널  속으로,World
대러 제재 느슨해지자       동맹국에  무역통제 강화  압박 외교,World
 중국  앤트그룹에  조     억원 벌금 부과할 듯 ,World
유럽의원들 머리카락에서 살충제    무서운 진실  목수정의 바스티유 광장 ,World
 기록적 폭설  뉴욕서 눈 치우다  명 과로사 얼마나 왔길래,World
인니 서자바 지진 사망자    명으로 늘어 매몰자 구조에 사력 종합 ,World
스포츠로도 번진 이란 반정부 시위 연대,World
내년  퍼펙트스톰  전 세계 강타  한국   대 저성장 늪 속으로,World
이란  나탄즈에 이어 지하 포르도에서도    순도 우라늄농축 실시중,World
남아공 민주화 투쟁 거물 암살범    년 복역 끝 가석방 논란,World
      전쟁으로 탄력 잃은 세계 경제 인플레 잡기가 최우선 ,World
 중국  앤트그룹에  조 천억원 벌금 부과하고 단속 끝낼 듯 ,World
 영상   천궁       비호 에 반한 사우디     방산   조원 오일머니 잭팟 터지나 ,World
기시다  정치인생 최대 위기  고독하고 힘들다  공개 토로  왜 ,World
메시의 라스트 댄스 출발부터  암초 ,World
 영상   흔들  공포의 비명  인니 지진 순간 사망자 계속 증가,World
      세계경제  올해 완만 성장에서 내년엔 성장세 더 위축 ,World
곤봉 수갑에 벽열등도 러  철수한 헤르손  고문시설  끔찍,World
   금융당국  앤트그룹에    조원 벌금 부과할 듯 ,World
  빅테크 해고 인도계 인력에  날벼락   왜 ,World
 개월 견뎌온 우크라  추위와 단전의  개월  겨울 터널  속으로,World
대러 제재 느슨해지자       동맹국에  무역통제 강화  압박 외교,World
 중국  앤트그룹에  조     억원 벌금 부과할 듯 ,World
유럽의원들 머리카락에서 살충제    무서운 진실  목수정의 바스티유 광장 ,World
 기록적 폭설  뉴욕서 눈 치우다  명 과로사 얼마나 왔길래,World
인니 서자바 지진 사망자    명으로 늘어 매몰자 구조에 사력 종합 ,World
스포츠로도 번진 이란 반정부 시위 연대,World
내년  퍼펙트스톰  전 세계 강타  한국   대 저성장 늪 속으로,World
이란  나탄즈에 이어 지하 포르도에서도    순도 우라늄농축 실시중,World
남아공 민주화 투쟁 거물 암살범    년 복역 끝 가석방 논란,World
      전쟁으로 탄력 잃은 세계 경제 인플레 잡기가 최우선 ,World
 중국  앤트그룹에  조 천억원 벌금 부과하고 단속 끝낼 듯 ,World
 영상   천궁       비호 에 반한 사우디     방산   조원 오일머니 잭팟 터지나 ,World
기시다  정치인생 최대 위기  고독하고 힘들다  공개 토로  왜 ,World
메시의 라스트 댄스 출발부터  암초 ,World
 영상   흔들  공포의 비명  인니 지진 순간 사망자 계속 증가,World
      세계경제  올해 완만 성장에서 내년엔 성장세 더 위축 ,World
곤봉 수갑에 벽열등도 러  철수한 헤르손  고문시설  끔찍,World
   금융당국  앤트그룹에    조원 벌금 부과할 듯 ,World
  빅테크 해고 인도계 인력에  날벼락   왜 ,World
 개월 견뎌온 우크라  추위와 단전의  개월  겨울 터널  속으로,World
대러 제재 느슨해지자       동맹국에  무역통제 강화  압박 외교,World
 중국  앤트그룹에  조     억원 벌금 부과할 듯 ,World
유럽의원들 머리카락에서 살충제    무서운 진실  목수정의 바스티유 광장 ,World
 기록적 폭설  뉴욕서 눈 치우다  명 과로사 얼마나 왔길래,World
인니 서자바 지진 사망자    명으로 늘어 매몰자 구조에 사력 종합 ,World
스포츠로도 번진 이란 반정부 시위 연대,World
내년  퍼펙트스톰  전 세계 강타  한국   대 저성장 늪 속으로,World
이란  나탄즈에 이어 지하 포르도에서도    순도 우라늄농축 실시중,World
남아공 민주화 투쟁 거물 암살범    년 복역 끝 가석방 논란,World
      전쟁으로 탄력 잃은 세계 경제 인플레 잡기가 최우선 ,World
 중국  앤트그룹에  조 천억원 벌금 부과하고 단속 끝낼 듯 ,World
 영상   천궁       비호 에 반한 사우디     방산   조원 오일머니 잭팟 터지나 ,World
기시다  정치인생 최대 위기  고독하고 힘들다  공개 토로  왜 ,World
메시의 라스트 댄스 출발부터  암초 ,World
 영상   흔들  공포의 비명  인니 지진 순간 사망자 계속 증가,World
      세계경제  올해 완만 성장에서 내년엔 성장세 더 위축 ,World
곤봉 수갑에 벽열등도 러  철수한 헤르손  고문시설  끔찍,World
   금융당국  앤트그룹에    조원 벌금 부과할 듯 ,World
  빅테크 해고 인도계 인력에  날벼락   왜 ,World
 개월 견뎌온 우크라  추위와 단전의  개월  겨울 터널  속으로,World
대러 제재 느슨해지자       동맹국에  무역통제 강화  압박 외교,World
 중국  앤트그룹에  조     억원 벌금 부과할 듯 ,World
유럽의원들 머리카락에서 살충제    무서운 진실  목수정의 바스티유 광장 ,World
 기록적 폭설  뉴욕서 눈 치우다  명 과로사 얼마나 왔길래,World
인니 서자바 지진 사망자    명으로 늘어 매몰자 구조에 사력 종합 ,World
스포츠로도 번진 이란 반정부 시위 연대,World
내년  퍼펙트스톰  전 세계 강타  한국   대 저성장 늪 속으로,World
이란  나탄즈에 이어 지하 포르도에서도    순도 우라늄농축 실시중,World
남아공 민주화 투쟁 거물 암살범    년 복역 끝 가석방 논란,World
      전쟁으로 탄력 잃은 세계 경제 인플레 잡기가 최우선 ,World
 중국  앤트그룹에  조 천억원 벌금 부과하고 단속 끝낼 듯 ,World
 영상   천궁       비호 에 반한 사우디     방산   조원 오일머니 잭팟 터지나 ,World
기시다  정치인생 최대 위기  고독하고 힘들다  공개 토로  왜 ,World
메시의 라스트 댄스 출발부터  암초 ,World
 영상   흔들  공포의 비명  인니 지진 순간 사망자 계속 증가,World
      세계경제  올해 완만 성장에서 내년엔 성장세 더 위축 ,World
곤봉 수갑에 벽열등도 러  철수한 헤르손  고문시설  끔찍,World
   금융당국  앤트그룹에    조원 벌금 부과할 듯 ,World
  빅테크 해고 인도계 인력에  날벼락   왜 ,World
 개월 견뎌온 우크라  추위와 단전의  개월  겨울 터널  속으로,World
대러 제재 느슨해지자       동맹국에  무역통제 강화  압박 외교,World
 중국  앤트그룹에  조     억원 벌금 부과할 듯 ,World
유럽의원들 머리카락에서 살충제    무서운 진실  목수정의 바스티유 광장 ,World
 기록적 폭설  뉴욕서 눈 치우다  명 과로사 얼마나 왔길래,World
인니 서자바 지진 사망자    명으로 늘어 매몰자 구조에 사력 종합 ,World
스포츠로도 번진 이란 반정부 시위 연대,World
내년  퍼펙트스톰  전 세계 강타  한국   대 저성장 늪 속으로,World
이란  나탄즈에 이어 지하 포르도에서도    순도 우라늄농축 실시중,World
남아공 민주화 투쟁 거물 암살범    년 복역 끝 가석방 논란,World
      전쟁으로 탄력 잃은 세계 경제 인플레 잡기가 최우선 ,World
 중국  앤트그룹에  조 천억원 벌금 부과하고 단속 끝낼 듯 ,World
 영상   천궁       비호 에 반한 사우디     방산   조원 오일머니 잭팟 터지나 ,World
기시다  정치인생 최대 위기  고독하고 힘들다  공개 토로  왜 ,World
메시의 라스트 댄스 출발부터  암초 ,World
 영상   흔들  공포의 비명  인니 지진 순간 사망자 계속 증가,World
      세계경제  올해 완만 성장에서 내년엔 성장세 더 위축 ,World
곤봉 수갑에 벽열등도 러  철수한 헤르손  고문시설  끔찍,World
   금융당국  앤트그룹에    조원 벌금 부과할 듯 ,World
  빅테크 해고 인도계 인력에  날벼락   왜 ,World
 개월 견뎌온 우크라  추위와 단전의  개월  겨울 터널  속으로,World
대러 제재 느슨해지자       동맹국에  무역통제 강화  압박 외교,World
 중국  앤트그룹에  조     억원 벌금 부과할 듯 ,World
유럽의원들 머리카락에서 살충제    무서운 진실  목수정의 바스티유 광장 ,World
 기록적 폭설  뉴욕서 눈 치우다  명 과로사 얼마나 왔길래,World
인니 서자바 지진 사망자    명으로 늘어 매몰자 구조에 사력 종합 ,World
스포츠로도 번진 이란 반정부 시위 연대,World
내년  퍼펙트스톰  전 세계 강타  한국   대 저성장 늪 속으로,World
이란  나탄즈에 이어 지하 포르도에서도    순도 우라늄농축 실시중,World
남아공 민주화 투쟁 거물 암살범    년 복역 끝 가석방 논란,World
      전쟁으로 탄력 잃은 세계 경제 인플레 잡기가 최우선 ,World
 중국  앤트그룹에  조 천억원 벌금 부과하고 단속 끝낼 듯 ,World
 영상   천궁       비호 에 반한 사우디     방산   조원 오일머니 잭팟 터지나 ,World
기시다  정치인생 최대 위기  고독하고 힘들다  공개 토로  왜 ,World
메시의 라스트 댄스 출발부터  암초 ,World
 영상   흔들  공포의 비명  인니 지진 순간 사망자 계속 증가,World
      세계경제  올해 완만 성장에서 내년엔 성장세 더 위축 ,World
곤봉 수갑에 벽열등도 러  철수한 헤르손  고문시설  끔찍,World
   금융당국  앤트그룹에    조원 벌금 부과할 듯 ,World
  빅테크 해고 인도계 인력에  날벼락   왜 ,World
 개월 견뎌온 우크라  추위와 단전의  개월  겨울 터널  속으로,World
대러 제재 느슨해지자       동맹국에  무역통제 강화  압박 외교,World
 중국  앤트그룹에  조     억원 벌금 부과할 듯 ,World
유럽의원들 머리카락에서 살충제    무서운 진실  목수정의 바스티유 광장 ,World
 기록적 폭설  뉴욕서 눈 치우다  명 과로사 얼마나 왔길래,World
인니 서자바 지진 사망자    명으로 늘어 매몰자 구조에 사력 종합 ,World
스포츠로도 번진 이란 반정부 시위 연대,World
내년  퍼펙트스톰  전 세계 강타  한국   대 저성장 늪 속으로,World
이란  나탄즈에 이어 지하 포르도에서도    순도 우라늄농축 실시중,World
남아공 민주화 투쟁 거물 암살범    년 복역 끝 가석방 논란,World
      전쟁으로 탄력 잃은 세계 경제 인플레 잡기가 최우선 ,World
 중국  앤트그룹에  조 천억원 벌금 부과하고 단속 끝낼 듯 ,World
 영상   천궁       비호 에 반한 사우디     방산   조원 오일머니 잭팟 터지나 ,World
기시다  정치인생 최대 위기  고독하고 힘들다  공개 토로  왜 ,World
메시의 라스트 댄스 출발부터  암초 ,World
 영상   흔들  공포의 비명  인니 지진 순간 사망자 계속 증가,World
      세계경제  올해 완만 성장에서 내년엔 성장세 더 위축 ,World
곤봉 수갑에 벽열등도 러  철수한 헤르손  고문시설  끔찍,World
   금융당국  앤트그룹에    조원 벌금 부과할 듯 ,World
  빅테크 해고 인도계 인력에  날벼락   왜 ,World
 개월 견뎌온 우크라  추위와 단전의  개월  겨울 터널  속으로,World
 유엔대사  안보리  회의서 중 러 겨냥  비토권 남용 ,World
손흥민도 쏙 빼더니  북한  월드컵 소식 전하며     정국 무대 언급 안해,World
러  철수한 헤르손 우크라 민간인 고문하던 장소  곳 발견,World
일본 마야급 이지스함  척  탄도미사일 요격      미사일 발사   한국은 ,World
위기의 디즈니   년 전 은퇴    세 밥 아이거 를 다시    로,World
튀르키예 국경 로켓 공습에 최소  명 사망  쿠르드 소행  종합 ,World
  세 세계 최고령 초등생    케냐 프리실라 할머니 별세,World
   중재로 세르비아 코소보  어색한 대면  갈등 해법 찾을까,World
 전기 충격기 까지  우크라  러 철수 헤르손서 고문장소  곳 발견 ,World
나토 사무총장   에 주요 공급망 의존하지 않도록 주의해야 ,World
주마 전 남아공 대통령  대법원도  가석방 취소  확정,World
팔순 맞은 바이든   최고령  재선 도전하나,World
중앙은  완화  지방은  봉쇄   혼선 커지는   방역,World
카자흐 토카예프 현 대통령     득표로 재집권,World
베이징 확진  한달새   명    명  자고 나니 아파트 봉쇄돼 ,World
 번호판 갈등  세르비아 코소보  절충안 합의 무산 긴장 최고조 종합 ,World
황준국 대사  유엔 회원국  의 안보리 무시  개탄스럽다 ,World
우크라  헤르손 탈환에 전세 주도 크름반도도 사정권,World
에르도안   시리아 이라크  거점  쿠르드   소탕하나  대가 치를 것  종합 ,World
 팔순  바이든 대통령 나이는 숫자에 불과 ,World
  부통령  필리핀서   견제  남중국해서 공격받으면 개입  종합 ,World
코로나 확진 홍콩 행정장관      에선 시진핑 옆자리,World
프랑스  우크라이나에 구형 크로탈 대공 미사일  개 포대 제공,World
 시진핑 옆자리  홍콩 행정수반      서 귀국 후 코로나 확진 종합 보 ,World
     우주쓰레기 처리 시장 선점 경쟁,World
젤렌스키  러  우크라 동부에 하루에만    회 포격 ,World
 브렉시트 후 경제사정 엉망    영국  이혼한    손 다시 잡나 ,World
  첫    대 대통령  바이든    여론조사는 재선 도전 우세,World
  코로나 방역 다시  고삐   중앙 지역  동상이몽 ,World
인니 서자바서 규모     지진 재난당국  사망자   명 이상  종합 보 ,World
중국 카타르     조원 규모      공급 계약,World
방역 고삐 다시 죄는 중국 베이징 이어 스자좡 우한 도심 봉쇄 종합 보 ,World
우크라  러시아 철수한 헤르손서 고문 장소  곳 발견 ,World
   폴란드에 방공 미사일 지원할 것 ,World
  해리스 부통령  필리핀에 새 미군기지 건설    남중국해서 공격받으면 개입 ,World
독일   피격  폴란드에 방공체계 지원 우크라 접경 배치될듯,World
 역사상 가장 논란 많은 월드컵  개막식  분 틀어준    ,World
이란  이라크 북부 쿠르드 분리독립 조직 재차 공격,World
푸틴 기절 하겠네 우크라 대통령이 내건 평화협상 조건 보니,World
일 해상자위대  신형 이지스함  척 탄도미사일 요격시험 성공 ,World
일주일 만에 또 테러  튀르키예에 미사일  발 낙하   명 숨져,World
   세 생일  바이든    최초   대 대통령,World
  국가전략에       안보에 도전  명시 추진,World
  최초 팔순 대통령 된 바이든  전날 손녀는 백악관서 결혼식도,World
베이징 확진  한달새       명  자고 일어나니 아파트 봉쇄 ,World
     월드컵 개막식   중계 안해  가장 논란 많은 대회 ,World
 글로벌      밥 아이거가 돌아왔다  위기의 디즈니  또 구할 수 있을까,World
  최초   대 대통령 바이든  생일 전날 손녀 결혼식  팔순은 잊어줘 ,World
러 국민  평화협상 지지  과반 넘어 동원령 이후 불안 커져,World
중국  갈등에도 호주산 밀 수입 급증    년만 최대 ,World
     전세는 불리 경제는 위기 푸틴  전쟁 끝낼까 ,World
 백신 맞고 대머리 됐다 던   대 여성  년 후 놀라운 변화,World
 뉴있저  보복 공습 나선 튀르키예    기후 재앙 에 피해보상 합의,World
코로나   확진자 급증하는 중국 곳곳에 봉쇄령,World
   카타르서   년간       조원 수입 계약,World
   카타르서 사상 최장 최대 규모     수입    년간   조원 ,World
  뉴욕주 강타한       폭설 눈 치우다  명 과로사 영상 ,World
아시아 최초 티라노 화석 경매 짝퉁 논란에 결국 무산,World
 서구화 추진  카자흐  러와 거리 유지하며   서방 밀착 외교 가속화,World
방역 풀자 급속히 확산    봉쇄고삐 다시 죈다,World
우크라 자포리자 원전에 또 포격       불장난 하지 말라 ,World
디즈니 위기가  전설  아이거 불러냈다,World
벨기에 러시아산 다이아 수입 여전   제재 대상 포함될까,World
우크라 흑해 곡물수출 연장 세계 식량난 숨통 트이나,World
인플레에 소비   저축       저축액 최대   개월 버틴다 ,World
외국인    증시로 돌아온다고  헤지펀드  단타성 투자  경계론,World
  코로나   신규확진 최고치 근접 도시 곳곳 봉쇄령,World
방역 고삐 다시 죄는 중국 베이징 이어 스자좡 우한 도심 봉쇄 종합 ,World
중국 백신 물백신 인증  방역 수도 베이징에서도 사망자 속출,World
  축구전설     손흥민과 김민재에 감사해야 ,World
  전기차 보조금 카드 만지작       무역갈등 첨예,World
       옹호    러 압박       북미 방공체계  손질 나서,World
심상치 않은  불의 고리  러 캄차카 반도 화산  개 동시 폭발,World
결혼 조건  순위는 외모  상대는 매칭앱서 만나는 이 나라,World
아이보다 반려동물 더 많은 나라      년 한국 제치고 꼴찌 ,World
일본 새 안보 전략에     안보상 도전  규정 방향,World
우크라   러군 철수   핵안전보장  등 평화협상   대 조건 제시,World
 헤르손 탈환  우크라  크름반도도 사정권 반격에 탄력 붙나,World
 맥주  빠진 카타르 월드컵 버드와이저  우승팀에 몽땅 선물 ,World
 르포 감염자  명 사망에 발칵  유령도시  된 베이징  장사 끝났다 ,World
실적 부진 디즈니      전격 교체    년 장수  밥 아이거 복귀,World
  년 독재 모자라   선 도전 적도기니 독재자     득표 예상,World
일본 신형 이지스함  척 탄도미사일 요격시험 성공 총  척 체제,World
 월드컵 관중  얼마면 되겠니   굴욕  카타르  개막전 관중석  텅텅 ,World
  부통령  필리핀서   견제  남중국해서 공격받으면 개입 ,World
  제치고        바뀌는 글로벌 교역 지도,World
 제발 귀국할 수 있게 해주세요        신부  시민권 박탈 항소,World
 중국 더 때린다    하원 탈환한 미국 공화당  중국특위  설치 예고,World
  중간선거 민주당 선방 바이든 당내 입지 굳혔다,World
     에 속 타기는   도 마찬가지 무역보복  우회할까 ,World
카자흐 대선 예비결과 발표 현 대통령     득표로 재집권 종합 ,World
중임 단임제 개혁 카드 통했다 카자흐 대통령 재집권 유력,World
본선 진출은 실패했지만 카타르 월드컵 광고판 점령한 중국 기업,World
  선수 빼고 카타르 월드컵에 모두 갔다 ,World
필리핀 간  해리스  원전 건설  선물하며  방위 약속 지킨다 ,World
일본 새 안보 전략에     안보상 도전  규정 방향,World
중국은 탈락했는데 전 재산 털어 카타르 가는   축구팬들,World
이변 없었다   카자흐 대선서 토카예프 재선      년까지 집권,World
 인플레법 보조금 받자  유럽기업  속속 미국 ,World
  년 독재에 또 집권연장 도전 북한이 상도 줬던 적도기니 대통령,World
우크라   러군 철수 핵안전보장  등 평화협상   대 조건 제시,World
대만      창업자   애리조나 공장서  나노칩도 생산할 것 ,World
연준 비둘기파    기준금리 고점 상단           타당 ,World
  인플레 둔화 신호에 킹달러 제동 달러인덱스 이달    ,World
 월드컵  스포츠 워싱  빅이벤트 점점 권위주의 국가로,World
  코로나 일일 확진  만 육박 중화권 증시 악영향,World
타이베이 시장 선거도 밀린다 대만 대선 전초전 민진당 열세,World
러  하루에만    발 포격하며  버티기  추가 진격 쉽지 않은 우크라,World
 백신 맞고 대머리 됐다 던   대    년 뒤  대반전 ,World
대통령  적정연령 은 바이든 팔순에 미 논쟁 재점화,World
대만 지방선거  친중  국민당 우위   여당 패배땐 차이잉원 정권 타격,World
 사랑해요 조   케이크 촛불 풍선 바이든 조촐한  팔순 잔치 ,World
반격의 우크라 헤르손 탈환에 크림반도도 사정권,World
    안보리  대북 중대 조처를        유엔은   허수아비 ,World
우크라 반격 탄력 붙나 헤르손 탈환에 크림반도도 사정권,World
에이펙에서 시진핑 옆에 앉았던 홍콩 행정장관 코로나 양성,World
중국은 탈락했는데 전 재산 털어 카타르 가는   축구팬들,World
이변 없었다   카자흐 대선서 토카예프 재선      년까지 집권,World
 인플레법 보조금 받자  유럽기업  속속 미국 ,World
  년 독재에 또 집권연장 도전 북한이 상도 줬던 적도기니 대통령,World
우크라   러군 철수 핵안전보장  등 평화협상   대 조건 제시,World
대만      창업자   애리조나 공장서  나노칩도 생산할 것 ,World
연준 비둘기파    기준금리 고점 상단           타당 ,World
  인플레 둔화 신호에 킹달러 제동 달러인덱스 이달    ,World
 월드컵  스포츠 워싱  빅이벤트 점점 권위주의 국가로,World
  코로나 일일 확진  만 육박 중화권 증시 악영향,World
타이베이 시장 선거도 밀린다 대만 대선 전초전 민진당 열세,World
러  하루에만    발 포격하며  버티기  추가 진격 쉽지 않은 우크라,World
 백신 맞고 대머리 됐다 던   대    년 뒤  대반전 ,World
대통령  적정연령 은 바이든 팔순에 미 논쟁 재점화,World
대만 지방선거  친중  국민당 우위   여당 패배땐 차이잉원 정권 타격,World
 사랑해요 조   케이크 촛불 풍선 바이든 조촐한  팔순 잔치 ,World
반격의 우크라 헤르손 탈환에 크림반도도 사정권,World
    안보리  대북 중대 조처를        유엔은   허수아비 ,World
우크라 반격 탄력 붙나 헤르손 탈환에 크림반도도 사정권,World
에이펙에서 시진핑 옆에 앉았던 홍콩 행정장관 코로나 양성,World
중국은 탈락했는데 전 재산 털어 카타르 가는   축구팬들,World
이변 없었다   카자흐 대선서 토카예프 재선      년까지 집권,World
달러 인덱스 이달    하락  강달러  주춤 ,World
글로벌 항공업계 당국  여객기 조종사   명  명  변경 추진 안전 우려,World
미국 인플레감축법 두고 미    무역 갈등 고조,World
  펀드매니저    가  내년 스태그플레이션 예상 ,World
  러에 뒤쳐질 수 없다    극초음속 미사일 개발 박차,World
자포리자 원전 포탄   여발 공습  아찔  러 우크라 또 책임 공방,World
 카타르 월드컵  카타르 월드컵 개막     정국  한국 가수 최초로 개막식서 열창,World
 중국은 안보상 우려가 아닌 도전    년 만에 대중 전략 바꾸는  ,World
 현대차 스폰서 힘       누리꾼  정국 월드컵 무대 폄하,World
 중동 맹방  사우디와 멀어진    카타르와 밀착 ,World
 판다도 월드컵 갔는데   대표팀은   최대 투자 중국  탈락에 한탄,World
마크롱  러시아  아프리카 약탈 위해 허위 정보 제공  비판,World
   최초   대 대통령  바이든     년  최고령  재선 도전할까,World
월가 전문가들  내년 미국에 스태그플레이션 온다 ,World
 제 형 당뇨  년 지연  첫 치료제  서 승인 약값은  억 넘어,World
    정국 월드컵 공연에   누리꾼  스폰서인 현대차 입김  딴지,World
   억원에 팔릴 뻔했던  티라노 의 반전  진짜 뼈 는 겨우   개,World
 양안 불신 경제 둔화에 중국의 대만인재 유치 노력 퇴색 ,World
 인권 문제  항의차      개막식 중계 안해 축구팬들 거센 항의,World
  수도 베이징 감염자     명 육박 다시 조이는 방역 고삐,World
월가  내년 미국 스태그플레이션 올 것 연착륙 없다 ,World
    에 제대로 물렸다  큰 손 투자자   명  피해금액만  조원,World
코로나 방역 완화 밝혔던 중국  확산세에 도로  제로 코로나   특파원  ,World
완화 열흘만에 최악   코로나   기로에,World
월드컵 개막전 맞아    썰물처럼 떠난 카타르 관중들,World
   남부 최악 가뭄  계속 중국발 미세먼지 비상,World
  코로나 심상찮다 연 이틀 사망자 발생  증시 급락 종합 ,World
금수저만 받으란 말인가    로스쿨 톱   중  곳 순위평가  보이콧 ,World
 친절한 뉴스    첫 중동 월드컵  카타르 이색 숙소 경기장 이면엔 그림자,World
바이든 팔순  노익장 과시  지도자 또 누가 있을까,World
외국인 돌아오는 중국 증시  단타 위주  경계론도 여전  강현우의 중국주식 분석 ,World
일본 중국  저궤도 우주 쓰레기 청소 경쟁 활발,World
   최초   대 대통령  바이든     년  최고령  재선 도전할까,World
월가 전문가들  내년 미국에 스태그플레이션 온다 ,World
 제 형 당뇨  년 지연  첫 치료제  서 승인 약값은  억 넘어,World
    정국 월드컵 공연에   누리꾼  스폰서인 현대차 입김  딴지,World
   억원에 팔릴 뻔했던  티라노 의 반전  진짜 뼈 는 겨우   개,World
 양안 불신 경제 둔화에 중국의 대만인재 유치 노력 퇴색 ,World
 인권 문제  항의차      개막식 중계 안해 축구팬들 거센 항의,World
  수도 베이징 감염자     명 육박 다시 조이는 방역 고삐,World
월가  내년 미국 스태그플레이션 올 것 연착륙 없다 ,World
    에 제대로 물렸다  큰 손 투자자   명  피해금액만  조원,World
코로나 방역 완화 밝혔던 중국  확산세에 도로  제로 코로나   특파원  ,World
완화 열흘만에 최악   코로나   기로에,World
월드컵 개막전 맞아    썰물처럼 떠난 카타르 관중들,World
   남부 최악 가뭄  계속 중국발 미세먼지 비상,World
  코로나 심상찮다 연 이틀 사망자 발생  증시 급락 종합 ,World
금수저만 받으란 말인가    로스쿨 톱   중  곳 순위평가  보이콧 ,World
 친절한 뉴스    첫 중동 월드컵  카타르 이색 숙소 경기장 이면엔 그림자,World
바이든 팔순  노익장 과시  지도자 또 누가 있을까,World
외국인 돌아오는 중국 증시  단타 위주  경계론도 여전  강현우의 중국주식 분석 ,World
일본 중국  저궤도 우주 쓰레기 청소 경쟁 활발,World
   최초   대 대통령  바이든     년  최고령  재선 도전할까,World
월가 전문가들  내년 미국에 스태그플레이션 온다 ,World
 제 형 당뇨  년 지연  첫 치료제  서 승인 약값은  억 넘어,World
    정국 월드컵 공연에   누리꾼  스폰서인 현대차 입김  딴지,World
   억원에 팔릴 뻔했던  티라노 의 반전  진짜 뼈 는 겨우   개,World
 양안 불신 경제 둔화에 중국의 대만인재 유치 노력 퇴색 ,World
 인권 문제  항의차      개막식 중계 안해 축구팬들 거센 항의,World
  수도 베이징 감염자     명 육박 다시 조이는 방역 고삐,World
월가  내년 미국 스태그플레이션 올 것 연착륙 없다 ,World
    에 제대로 물렸다  큰 손 투자자   명  피해금액만  조원,World
코로나 방역 완화 밝혔던 중국  확산세에 도로  제로 코로나   특파원  ,World
완화 열흘만에 최악   코로나   기로에,World
월드컵 개막전 맞아    썰물처럼 떠난 카타르 관중들,World
   남부 최악 가뭄  계속 중국발 미세먼지 비상,World
  코로나 심상찮다 연 이틀 사망자 발생  증시 급락 종합 ,World
금수저만 받으란 말인가    로스쿨 톱   중  곳 순위평가  보이콧 ,World
 친절한 뉴스    첫 중동 월드컵  카타르 이색 숙소 경기장 이면엔 그림자,World
바이든 팔순  노익장 과시  지도자 또 누가 있을까,World
외국인 돌아오는 중국 증시  단타 위주  경계론도 여전  강현우의 중국주식 분석 ,World
일본 중국  저궤도 우주 쓰레기 청소 경쟁 활발,World
   최초   대 대통령  바이든     년  최고령  재선 도전할까,World
월가 전문가들  내년 미국에 스태그플레이션 온다 ,World
 제 형 당뇨  년 지연  첫 치료제  서 승인 약값은  억 넘어,World
    정국 월드컵 공연에   누리꾼  스폰서인 현대차 입김  딴지,World
   억원에 팔릴 뻔했던  티라노 의 반전  진짜 뼈 는 겨우   개,World
 양안 불신 경제 둔화에 중국의 대만인재 유치 노력 퇴색 ,World
 인권 문제  항의차      개막식 중계 안해 축구팬들 거센 항의,World
  수도 베이징 감염자     명 육박 다시 조이는 방역 고삐,World
월가  내년 미국 스태그플레이션 올 것 연착륙 없다 ,World
    에 제대로 물렸다  큰 손 투자자   명  피해금액만  조원,World
코로나 방역 완화 밝혔던 중국  확산세에 도로  제로 코로나   특파원  ,World
완화 열흘만에 최악   코로나   기로에,World
월드컵 개막전 맞아    썰물처럼 떠난 카타르 관중들,World
   남부 최악 가뭄  계속 중국발 미세먼지 비상,World
  코로나 심상찮다 연 이틀 사망자 발생  증시 급락 종합 ,World
금수저만 받으란 말인가    로스쿨 톱   중  곳 순위평가  보이콧 ,World
 친절한 뉴스    첫 중동 월드컵  카타르 이색 숙소 경기장 이면엔 그림자,World
바이든 팔순  노익장 과시  지도자 또 누가 있을까,World
외국인 돌아오는 중국 증시  단타 위주  경계론도 여전  강현우의 중국주식 분석 ,World
일본 중국  저궤도 우주 쓰레기 청소 경쟁 활발,World
   최초   대 대통령  바이든     년  최고령  재선 도전할까,World
월가 전문가들  내년 미국에 스태그플레이션 온다 ,World
 제 형 당뇨  년 지연  첫 치료제  서 승인 약값은  억 넘어,World
    정국 월드컵 공연에   누리꾼  스폰서인 현대차 입김  딴지,World
   억원에 팔릴 뻔했던  티라노 의 반전  진짜 뼈 는 겨우   개,World
 양안 불신 경제 둔화에 중국의 대만인재 유치 노력 퇴색 ,World
 인권 문제  항의차      개막식 중계 안해 축구팬들 거센 항의,World
  수도 베이징 감염자     명 육박 다시 조이는 방역 고삐,World
월가  내년 미국 스태그플레이션 올 것 연착륙 없다 ,World
    에 제대로 물렸다  큰 손 투자자   명  피해금액만  조원,World
코로나 방역 완화 밝혔던 중국  확산세에 도로  제로 코로나   특파원  ,World
완화 열흘만에 최악   코로나   기로에,World
월드컵 개막전 맞아    썰물처럼 떠난 카타르 관중들,World
   남부 최악 가뭄  계속 중국발 미세먼지 비상,World
  코로나 심상찮다 연 이틀 사망자 발생  증시 급락 종합 ,World
금수저만 받으란 말인가    로스쿨 톱   중  곳 순위평가  보이콧 ,World
 친절한 뉴스    첫 중동 월드컵  카타르 이색 숙소 경기장 이면엔 그림자,World
바이든 팔순  노익장 과시  지도자 또 누가 있을까,World
외국인 돌아오는 중국 증시  단타 위주  경계론도 여전  강현우의 중국주식 분석 ,World
일본 중국  저궤도 우주 쓰레기 청소 경쟁 활발,World
   최초   대 대통령  바이든     년  최고령  재선 도전할까,World
월가 전문가들  내년 미국에 스태그플레이션 온다 ,World
 제 형 당뇨  년 지연  첫 치료제  서 승인 약값은  억 넘어,World
    정국 월드컵 공연에   누리꾼  스폰서인 현대차 입김  딴지,World
   억원에 팔릴 뻔했던  티라노 의 반전  진짜 뼈 는 겨우   개,World
 양안 불신 경제 둔화에 중국의 대만인재 유치 노력 퇴색 ,World
 인권 문제  항의차      개막식 중계 안해 축구팬들 거센 항의,World
  수도 베이징 감염자     명 육박 다시 조이는 방역 고삐,World
월가  내년 미국 스태그플레이션 올 것 연착륙 없다 ,World
    에 제대로 물렸다  큰 손 투자자   명  피해금액만  조원,World
코로나 방역 완화 밝혔던 중국  확산세에 도로  제로 코로나   특파원  ,World
완화 열흘만에 최악   코로나   기로에,World
월드컵 개막전 맞아    썰물처럼 떠난 카타르 관중들,World
   남부 최악 가뭄  계속 중국발 미세먼지 비상,World
  코로나 심상찮다 연 이틀 사망자 발생  증시 급락 종합 ,World
금수저만 받으란 말인가    로스쿨 톱   중  곳 순위평가  보이콧 ,World
 친절한 뉴스    첫 중동 월드컵  카타르 이색 숙소 경기장 이면엔 그림자,World
바이든 팔순  노익장 과시  지도자 또 누가 있을까,World
외국인 돌아오는 중국 증시  단타 위주  경계론도 여전  강현우의 중국주식 분석 ,World
일본 중국  저궤도 우주 쓰레기 청소 경쟁 활발,World
   최초   대 대통령  바이든     년  최고령  재선 도전할까,World
월가 전문가들  내년 미국에 스태그플레이션 온다 ,World
 제 형 당뇨  년 지연  첫 치료제  서 승인 약값은  억 넘어,World
    정국 월드컵 공연에   누리꾼  스폰서인 현대차 입김  딴지,World
   억원에 팔릴 뻔했던  티라노 의 반전  진짜 뼈 는 겨우   개,World
 양안 불신 경제 둔화에 중국의 대만인재 유치 노력 퇴색 ,World
 인권 문제  항의차      개막식 중계 안해 축구팬들 거센 항의,World
  수도 베이징 감염자     명 육박 다시 조이는 방역 고삐,World
월가  내년 미국 스태그플레이션 올 것 연착륙 없다 ,World
    에 제대로 물렸다  큰 손 투자자   명  피해금액만  조원,World
   최악 가뭄  계속 중국발 미세먼지 비상,World
자포리자 원전 또 포격 러시아 우크라  상대국 소행 ,World
  캐나다        위협 대비    북미방공시스템 업그레이드 ,World
 월드컵 맥주 금지  날벼락 버드와이저  쌓인 재고 우승국에 주겠다 ,World
팔순 맞은 바이든 미국 첫   대 대통령  새 기록 ,World
 영상  동맹국 수송기를 언제든 폭격기로 쓴다 미군의 진화 이끌어낸 러시아,World
 인플레법 갈등       트럼프 시절  무역전쟁  재점화하나,World
    사드 한한령   년 만에    서 한국영화 서비스,World
우크라      년 국경회복 때만 평화 가능      러 승리 땐 글로벌 핵확산 ,World
 자막뉴스   김여정과 마주치지 않으려     충격적인 속내 밝혔다,World
우크라 대통령 보좌관  러와 협상 제안 이상 항복 의미일수도 ,World
 년   개월만에 트위터 계정 복구됐지만   정작 트럼프는  돌아갈 이유 없어 ,World
  증시  대지수  연준 긴축 우려 속 반등마감,World
카타르  에콰도르에 패배 개최국 첫 경기 무패 법칙 깨졌다 ,World
찰스  세 즉위 후 첫   국빈 방문은 남아공 대통령,World
   대   대통령 시대  연 바이든 재선 도전은 시험대,World
    북      발사에  안보리 추가 중대 조처 필요 ,World
영국 브렉시트 충격에    관계 변화 고민  스위스 모델 검토  종합 ,World
러  기간시설 파괴 전술에  우크라  혹독한 겨울  공포,World
  대만 화해 상징 판다 투병끝 숨져,World
정치자금 논란   데라다 총무상 사표,World
젤렌스키  서방 제기 협상론 일축 러는 장기전 포석 국채발행,World
러  튀르키예 쿠르드 세력 분쟁에  협상 통한 해결 지지 ,World
 기시다 총무상 경질  낙마  명째  각료 사임 도미노 ,World
  세 생일 맞은 바이든  미국 첫   대 대통령,World
 이스탄불 테러  여파 핀란드 스웨덴 나토 가입 더 지연되나,World
베컴 호나우두 앞에 선     정국  월드컵 개막식서  칼군무 ,World
개도국 기후재앙 피해  선진국이 보상 첫 합의,World
팔순 맞은 바이든 미국 최초   대 대통령  새 역사 ,World
워싱턴 전문가  북     은 한 미동맹 깨기 위한 것  미국 변화 없을 것 ,World
  세 생일 맞은  바이든     년  최고령  재선 도전할까,World
선진국  돈 내기 싫었을 텐데    손실과 피해  어떻게 합의됐나 ,World
한달새  번째 장관 경질  위기의 기시다,World
펜스  평창올림픽 때 김여정 일부러 피했다 ,World
만   세 생일 맞은 바이든  손녀는 백악관서 백년 가약,World
수낵   총리  전력난 키이우 깜짝 방문   이길 때까지 지원 ,World
기시다   정치자금 문제  총무상 경질 한달새  연속 사퇴에  깊이 사과  종합 보 ,World
재봉쇄 기로 선   베이징  개월 만에 사망자 발생,World
  월 외교대전 폐막   한미일    북중러 대립각 더 뚜렷,World
시진핑  양국 오해 줄이자        통상협상 재개,World
 러시아 이란  이란제 자폭드론 생산 합의 ,World
맥주도 노출도     스타 선수 아내 여자친구 단정한 옷 권고,World
기시다   정치자금 문제  총무상 경질  사퇴 도미노  현실화 종합 ,World
 러시아 이란  러 본토 이란제 자폭드론 생산 합의 ,World
영국 브렉시트 충격에    관계 변화 고민  스위스 모델 검토 ,World
 영상  우크라  성탄절까지 크름반도 탈환  내년 봄 전쟁 끝낸다   나우 어스 ,World
카자흐스탄  첫  년 단임제 대선 실시   토카예프 대통령 재선 유력,World
  연임  시진핑  닷새 동안   개국 정상회담 갖고  영향력  과시,World
 러시아 이란  러 본토서 이란제 자폭드론 생산 합의 ,World
     창업 장중머우  에이펙서 존재감,World
 최유식의 온차이나  펑샤오강 이민설 대소동,World
우크라이나 자포리자 원전에 또 포격 러 우크라  상대국 소행  공방,World
탈세계화 흐름 속 한층 가까워진      경제,World
 자막뉴스  코로나 대위기 맞이한 중국   심상치 않은 확산세,World
자포리자 원전에 또 포격 러 우크라  상대국 소행  공방 종합 ,World
 방역 만리장성  쌓았던 베이징  코로나 확산  비상 ,World
기시다   정치자금 문제  총무상 경질 한달새  연속 사퇴에  깊이 사과  종합 보 ,World
재봉쇄 기로 선   베이징  개월 만에 사망자 발생,World
결국 국왕이 총리 지명한다 과반정당 없는 말레이 총선 혼란,World
카자흐 첫  년 단임제 대통령 뽑는 조기 대선 실시 종합 ,World
기후재앙  손실 피해  보상  역사적 첫발 뗐지만   구체성 결여 비판도,World
 풀었다가 조였다가    코로나 확산세에  갈팡질팡  중국 방역,World
국제사회  북      발사 강력 규탄   중 러  또 북한 감쌀까,World
     달      앞 접근  아르테미스 미국은 왜   년 만에 다시 달로 향했나,World
부활한  트럼프 트위터   팔로어 급증,World
월드컵 열리는 카타르  술 노출 애정표현은 징역감  사실은   ,World
바이든    역사상 첫   대 대통령 백악관서 손녀 결혼식도,World
  장단기 금리차   년만 에최대 과도한 통화긴축 경계감 확산,World
  방역 완화 하자마자 베이징 코로나 확산  비상 ,World
갑작스런 판매금지로 카타르 쌓인 맥주  멘붕  버드와이저 해법은   나우 어스 ,World
   트위터 명복 빈다     머스크 기행에 회원들 엑소더스,World
수만명 얼어 죽을라  전력난 우크라  겨울만이라도 해외 피란 가달라 ,World
  기시다 내각  낙마 도미노     정치자금 논란  부른 총무상 사표 수리,World
기시다  정치자금 문제된 총무상 경질 오는   일 후임 바로 결정 종합 ,World
제로 코로나에 떼돈 벌었다          회사들 줄줄이 상장,World
 세계를 보다 미중  달 두고 스타워즈 나선 이유,World
베이징 다시 코로나    비상    기업 상인 교민 피해 불가피,World
말레이 총선  확실한 승자 없어 국왕이 차기 총리 지명,World
결국 국왕이 총리 지명한다 과반정당 없는 말레이 총선 혼란,World
카자흐 첫  년 단임제 대통령 뽑는 조기 대선 실시 종합 ,World
기후재앙  손실 피해  보상  역사적 첫발 뗐지만   구체성 결여 비판도,World
 풀었다가 조였다가    코로나 확산세에  갈팡질팡  중국 방역,World
국제사회  북      발사 강력 규탄   중 러  또 북한 감쌀까,World
     달      앞 접근  아르테미스 미국은 왜   년 만에 다시 달로 향했나,World
부활한  트럼프 트위터   팔로어 급증,World
월드컵 열리는 카타르  술 노출 애정표현은 징역감  사실은   ,World
바이든    역사상 첫   대 대통령 백악관서 손녀 결혼식도,World
  장단기 금리차   년만 에최대 과도한 통화긴축 경계감 확산,World
  방역 완화 하자마자 베이징 코로나 확산  비상 ,World
갑작스런 판매금지로 카타르 쌓인 맥주  멘붕  버드와이저 해법은   나우 어스 ,World
   트위터 명복 빈다     머스크 기행에 회원들 엑소더스,World
수만명 얼어 죽을라  전력난 우크라  겨울만이라도 해외 피란 가달라 ,World
  기시다 내각  낙마 도미노     정치자금 논란  부른 총무상 사표 수리,World
기시다  정치자금 문제된 총무상 경질 오는   일 후임 바로 결정 종합 ,World
제로 코로나에 떼돈 벌었다          회사들 줄줄이 상장,World
 세계를 보다 미중  달 두고 스타워즈 나선 이유,World
베이징 다시 코로나    비상    기업 상인 교민 피해 불가피,World
닛케이  세계적 주택 가격 하락세    가계부채 가장 위험 ,World
강대국의 중앙 아시아 패권 가를 카자흐스탄 대선 결과는   일전에 발표,World
우크라 국방차관  러시아  검은 백조  나타날 시 유리 내년 봄 종전 가능 ,World
젤렌스키  러  짧은휴전 모색  협상론  일축 ,World
젤렌스키  러  짧은 휴전 모색  전열재편 술수라며 협상론 일축,World
  세 나이에 라틴 그래미 신인상  늦었다는 건 결코 없다 ,World
     다음달   공장 준공      창업자    부통령 만나 면담,World
 르포  중국 베이징 코로나   재확산 불 꺼진 식당 사라진 인적,World
 국방  푸틴 승리하면 전 세계적 핵확산  경고,World
 칩   둘러싼 미 중 갈등 격화에 유럽  미 중 양대세력 분열 안돼 ,World
 가슴 다리 노출  노   월드컵 동행  왁스 들 단속 바쁜 카타르,World
 월드콕   이번 주 세계 미리 보기 수세 몰린 푸틴       정상회의로 활로 찾을까 ,World
펜스  나와 김여정의 평창만남 위해   열의 일부러 피했다 ,World
   세 된 바이든     최고령 재선 도전에  우려  팽배,World
   아이폰 충전기 꿀꺽   이식증  여성의 기묘한 사연,World
방콕      정상회의    러 규탄과 철수 촉구하며 폐막,World
정책 변화 기대에 월가    증시 전망  낙관  전환,World
  정치 바꾸는 이대남과 이대녀들  윤홍우의 워싱턴  시 ,World
젤렌스키  협상론 일축   러  역대급 국채 발행 장기전 돌입,World
 영상   핵에는 핵으로   화성   형       발사 성공 대대적 선전,World
닛케이  세계적 주택 가격 하락세    가계부채 가장 위험 ,World
강대국의 중앙 아시아 패권 가를 카자흐스탄 대선 결과는   일전에 발표,World
우크라 국방차관  러시아  검은 백조  나타날 시 유리 내년 봄 종전 가능 ,World
젤렌스키  러  짧은휴전 모색  협상론  일축 ,World
젤렌스키  러  짧은 휴전 모색  전열재편 술수라며 협상론 일축,World
 워싱턴브리핑  언더독  데이비드 김  그의 싸움은 아직 안 끝났다 종합 ,World
 월드리포트  중국 또 식품 위생 논란 흙 밟은 신발로 채소 밟아,World
우크라이나 국방차관  내년 봄 종전 가능 ,World
차량번호판으로 불거진 코소보  민족 갈등     경찰 파견,World
우크라 국방차관   연말 크름반도 진격   내년 봄 종전 가능 ,World
 딴소리 빈 살만,World
북한  행성 최강의      보유국  자부 유엔  안보리 소집,World
  펜스 전 부통령  평창서  의 주선에도   김여정 일부러 피했다 ,World
     창업자   부통령 만나  미일 외 지역 공장 건설도 가능 ,World
     폭격기 다시 왔다  북      맞대응  한 미 연합훈련,World
  시간 맥주 안마셔도 생존 지장 없어         회장  카타르 의식했나,World
우크라 국방차관  연말 크림반도 진격  내년 봄 종전 가능 ,World
감염자 급증하는데    방역 완화  혼돈의 베이징  깜깜이 방역 ,World
대만 국방부 싱크탱크  무인기 자체 생산능력 갖춰야 ,World
이사 오면     만원 준다는 이탈리아 시골마을,World
개도국 기후  손실과 피해  보상  누구 돈으로 어떻게 이뤄지나,World
중국서 보낸 판다  퇀퇀  사망    대만 애도물결,World
 북한       결국 한 미동맹 깨려는 것  워싱턴 전문가 진단,World
  코로나 봉쇄에도 확진자 한달새   배 폭증  감기약 동났다,World
시진핑   일간   개국 정상회담  다자주의 공급망 안정 강조,World
모더나 백신 맞고  탈모  호소했던   여성의 놀라운 근황,World
말레이 총선  과반 확보 정당 없어 정국 혼란속으로 종합 ,World
 수낵  우크라 첫 방문     억원 규모 방공망 등 승리할 때까지 지원   영상 ,World
우크라 전력난에  병원 정전 막아야 몇달 외국에 머물라  호소까지,World
     회장   시간 동안 맥주 안 마셔도 안 죽어  ,World
이름만 대면 알만한 언론인의 변절  역사적 장면  김종성의  히  스토리  ,World
남아달라더니  머스크  붙잡았던 간부 일주일만에 해고,World
취임 후 처음 우크라 땅 밟은  수낵  승리할 때까지 지원 ,World
미 일  북      발사 맞대응      폭격기 출격해 연합훈련,World
웃으며 만났지만  바이든 시진핑 회담에도 긴장 계속될 것 ,World
김정은 딸 첫 공개에 외신들   대 세습 상징적 그림 ,World
  살에 그래미  신인상  거머쥔 가수  늦은 때란 없습니다 ,World
노사 모두 만족하는  월화수목      고정관념이  걸림돌   세계는 지금 ,World
시진핑   일간    과 정상회담   포위 맞서 세력 규합 나서,World
월드컵 개최국  첫경기 진적 없다는데  첫본선  뛰는 카타르는,World
대만      창립자      서 시진핑 만나  안부  묻는 짧은 대화 나눠,World
모더나 백신 맞고 머리카락 뭉텅뭉텅 빠졌던  여성 근황,World
 중국 대만 화해 상징  판다  뇌종양 투병 끝에 세상 떠났다,World
전력난에 혹독한 겨울 앞둔 우크라  외국에 서너달 나가달라  호소도,World
카타르 가는 폴란드 축구대표팀 옆 바짝 붙은 전투기 정체,World
경기침체        년   와 헤어진 결심  후회 중,World
중국과의 통일의 상징 대만의 판다  타이페이서 병사,World
   세 생일상  쉬쉬하는 바이든      잠룡들 꿈틀 미국은 지금 ,World
손 꼭 잡고 백허그 김정은 딸 사진 추가 공개  외신  후계자 점찍었나 ,World
 국방  푸틴이 이기면 글로벌 핵확산 악순환   독재자들 주시 ,World
이름만 대면 알만한 언론인의 변절  역사적 장면  김종성의  히  스토리  ,World
남아달라더니  머스크  붙잡았던 간부 일주일만에 해고,World
취임 후 처음 우크라 땅 밟은  수낵  승리할 때까지 지원 ,World
미 일  북      발사 맞대응      폭격기 출격해 연합훈련,World
웃으며 만났지만  바이든 시진핑 회담에도 긴장 계속될 것 ,World
김정은 딸 첫 공개에 외신들   대 세습 상징적 그림 ,World
  살에 그래미  신인상  거머쥔 가수  늦은 때란 없습니다 ,World
노사 모두 만족하는  월화수목      고정관념이  걸림돌   세계는 지금 ,World
시진핑   일간    과 정상회담   포위 맞서 세력 규합 나서,World
월드컵 개최국  첫경기 진적 없다는데  첫본선  뛰는 카타르는,World
세계 무대서 제외된 푸틴  국제무대서 대립장면 피하고 싶어해 ,World
일  한반도 위기서 기회 잡는데 정부의 위태로운  일본 올인 ,World
말레이시아 총선 결과 다수당 없어    정치혼란 가중 ,World
  대선에 뛰어든 젊은 주지사들,World
펜스  부통령     평창에서  김영남과 만남 강요 ,World
 마스크 왜 안 써     대 여성 손발 묶어 무릎까지 꿇린  ,World
 국방  푸틴이 이기면 글로벌 핵확산  독재자들 주시,World
 워싱턴브리핑  언더독  데이비드 김  싸움은 아직 안 끝났다 추격전 지속,World
  법무  트럼프 수사에 특검 임명 트럼프  정치수사  반발,World
카타르행 폴란드 축구 대표팀 옆 전투기 정체는 ,World
 휴식일  한 줄 써놓고 도하서 사라진 가나 선수들,World
 국방장관  푸틴  우크라 전쟁 승리시 핵확산 우려    염두,World
 대통령 손녀 백악관서 결혼식 올려   역대   번째,World
우크라 에너지기업 대표  전력 부족 심각 올겨울 외국서 보내달라 ,World
여기 진짜 파리맞아   여기요   한국말 주문  드럼통 테이블까지,World
        사드 한한령  이후 첫 한국영화 서비스,World
 영상  탄소중립  전기차가 능사는 아니다,World
말레이시아 총선결과 다수당 없어 정치혼란 계속 위기,World
  펜스  평창에서 김여정 김영남 일부러 피했다 ,World
 방역 만리장성  쌓았던 베이징  코로나 확산  비상 ,World
말레이 총선  개혁파가 제 당 집권은 연정 구성으로 결판,World
 러시아 비켜라    여년 힘 키운 중국  세계 무기시장 패권 노린다  박수찬의   ,World
오스틴 국방  러시아 침략은 핵보유국의 폭거와 혼란 ,World
네팔 오늘 총선 투표  친인도  현총리  재집권 가능성 높아,World
 더차트  세계인구   억명 시대   억명 클럽    개국  어디 ,World
미국에 부는  김치 열풍    대미 수출액   배 증가,World
우크라전    일  동 남부 교전 지속  수낵 깜짝 방문,World
펜스    부통령  경호국 반대에도 무장 북한군 코앞까지 갔다 ,World
시진핑도 러에  건들지 말라  경고 카자흐 대선 꽂힌 시선  왜,World
수낵 영 총리  우크라 깜짝 방문해    억원 규모 방공망 지원 약속,World
우크라    월 크름반도 탈환  내년 봄 전쟁 끝 기대 ,World
 정상외교 몰아치기  시진핑  일간 한미일등   개국과 회담,World
 러시아  전쟁자금 위해 역대 최대 부채 조달 ,World
           발사 규탄 핵보유국 절대 안 될 것 ,World
 수낵  우크라 깜짝 방문     억원 규모 방공 패키지 지원 ,World
     시한폭탄  코소보 북부에 경찰 인력    명 파견,World
우크라  키이우 헤르손 열차  개월 만에 재개,World
미 일       동원 연합공중훈련 실시         대응 ,World
 방역 만리장성  쌓았던 베이징  코로나 확산에  비상 ,World
 우크라전 변수  러 원유가 상한제 다음 달 개시,World
유럽 차세대 전투기 개발 사업 다음 단계로 프 독 등 합의,World
미일  북한      발사 대응해      폭격기 동원 공중훈련,World
미 일  북      발사 대응       폭격기  동원 공중훈련,World
펜스   미국 부통령  평창올림픽 때 김여정 만나려 했으나 무산 ,World
펜스     김여정 만남 주선에 열성 일부러 지각하고 피했다 ,World
 더스페셜리스트  니켈   리튬판       세계에 부는  신자원민족주의  바람,World
막 내린 동남아  외교 대전  갈 길 먼 국제 위기 해결,World
펜스 전 미국 부통령  평창서 김여정   김영남 일부러 피했다  회고,World
 쏠 때마다 배우는 북한 우려스러워  유엔  한목소리 낼까 ,World
엔지니어 줄퇴사 월드컵 앞두고  트위터 먹통  우려,World
우크라    월 크름반도 탈환  내년 봄 전쟁 끝 기대 ,World
 정상외교 몰아치기  시진핑  일간 한미일등   개국과 회담,World
 러시아  전쟁자금 위해 역대 최대 부채 조달 ,World
           발사 규탄 핵보유국 절대 안 될 것 ,World
 수낵  우크라 깜짝 방문     억원 규모 방공 패키지 지원 ,World
     시한폭탄  코소보 북부에 경찰 인력    명 파견,World
우크라  키이우 헤르손 열차  개월 만에 재개,World
미 일       동원 연합공중훈련 실시         대응 ,World
 방역 만리장성  쌓았던 베이징  코로나 확산에  비상 ,World
 우크라전 변수  러 원유가 상한제 다음 달 개시,World
유럽 차세대 전투기 개발 사업 다음 단계로 프 독 등 합의,World
미일  북한      발사 대응해      폭격기 동원 공중훈련,World
미 일  북      발사 대응       폭격기  동원 공중훈련,World
 영상  빈 살만의 꿈     조  네옴시티  보니 ,World
국민가수 공연 티켓판매 취소 사태 백악관까지  발끈   누구길래,World
김정은은 왜 핵 무력 과시에 딸을 데려갔을까 지도자 수업   관측 분분,World
 발 사진 팔아줘        왕발  기네스   남성들에 받는 메시지,World
김정은 꼭 닮은 딸       발사장 서 첫 공개한 진짜 이유,World
미 백악관  러시아와 평화 협상 여부  오직 젤렌스키만 결정 가능 ,World
     파워랭킹     위   조 꼴찌 가나  이변 일으킬 가능성 ,World
백악관  러시아와 평화협상은 젤렌스키만 결정할 수 있어 ,World
 월드리포트   홍콩 국가 연주 실수  중국 한마디에 홍콩  잠잠 ,World
시진핑  미국 부통령과     서 대화  오해 오판 줄이자  종합 ,World
펜스 전  부통령  회고록서  김여정  무시했다 ,World
 노르트스트림서 폭탄 흔적 발견    대규모 파괴공작   스웨덴 검찰,World
백악관  젤렌스키가 러시아와 평화협상 결정 가능,World
김정은 딸  흰색 겨울옷에 빨간 신발 외신들도 주목,World
월드컵에     억 쓴 버드와이저   맥주 금지       통보에 남긴 글,World
백악관  러시아와 평화협상 여부  오직 젤렌스키만 결정 가능 ,World
 자막뉴스  전세계 운명  우크라이나 손에 달렸다,World
이미 떠났다  엔지니어    가 월드컵 때  트위터 먹통  우려,World
       발사 하루 만에   전략폭격기 한반도 전개  무력시위 ,World
중국과 관계개선 노리는 호주        대만 가입 반대하나,World
우크라이나  러시아 미사일 공격으로 에너지 시설 절반 피해,World
  전략폭격기      한반도 재전개        대응,World
       도발 하루만에        전략폭격기 한반도 재전개,World
카타르월드컵 이틀 앞두고  맥주 금지     축구팬들  불만 ,World
       발사 하루 만에        폭격기 한반도 전개,World
 영상  전투기 호위받는 폴란드 축구대표팀  사정 알고 보니,World
     파워랭킹     위   조 꼴찌 가나  이변 일으킬 가능성 ,World
백악관  러시아와 평화협상은 젤렌스키만 결정할 수 있어 ,World
 월드리포트   홍콩 국가 연주 실수  중국 한마디에 홍콩  잠잠 ,World
시진핑  미국 부통령과     서 대화  오해 오판 줄이자  종합 ,World
펜스 전  부통령  회고록서  김여정  무시했다 ,World
 노르트스트림서 폭탄 흔적 발견    대규모 파괴공작   스웨덴 검찰,World
백악관  젤렌스키가 러시아와 평화협상 결정 가능,World
  사우디 왕세자 면책특권 인정하자     살인면허 부여한 것 ,World
    북한      사정거리  만 천        본토 타격 가능 ,World
 너 지금 해고  미국    의 냉정한 정리해고 방식 정미경의 이런영어 저런미국 ,World
 트럼프가 대선에서 고전할 수 밖에 없는  가지 이유 ,World
 포착  울부짖는 김여정 수줍은 리설주   미사일 시험발사 현장,World
다시 손잡은 태국 사우디  보석절도사건 극복 양국에 이익 ,World
미국 법무부   트럼프 의혹  수사 특검 임명  트럼프  정치적 ,World
러시아 에너지 테러 혹한의 겨울 맞은 우크라이나,World
 메시가 좋아서          자전거 타고 카타르로 향한   청년,World
 한국  조 꼴찌    강 가능성 가나보다 낮아   매체 전망,World
  코로나   신규     명 총   만    명    개월   일째 사망  ,World
일본 언론     요격 어려운 다탄두      개발 서둘러 ,World
 특파원 리포트  돌아온 트럼프는  벌거벗은 황제   선거 전문가의 진단,World
 이러면 곤란해  월드컵 후원사 버드와이저가 썼다 지운 글,World
  화성   형 발사에    미사일 능력 개선    요격 어려워 더 위협 ,World
월드컵 이틀 앞두고  경기장 맥주 금지  후원사들 불만,World
 김정은 딸  외신도 주목  발사 자신감 나름대로 평온 나타내 ,World
반려견 명품 패딩   만원  밥그릇    만원  사람보다 낫다 ,World
 국제이슈  사상 최대 월드컵 개최한 카타르 복지천국이 된 이유,World
 월드컵  맥주금지 뒤통수에 팬 후원사  부글부글 ,World
  사우디 왕세자 면책특권 인정하자     살인면허 부여한 것 ,World
    북한      사정거리  만 천        본토 타격 가능 ,World
 너 지금 해고  미국    의 냉정한 정리해고 방식 정미경의 이런영어 저런미국 ,World
 트럼프가 대선에서 고전할 수 밖에 없는  가지 이유 ,World
 포착  울부짖는 김여정 수줍은 리설주   미사일 시험발사 현장,World
다시 손잡은 태국 사우디  보석절도사건 극복 양국에 이익 ,World
미국 법무부   트럼프 의혹  수사 특검 임명  트럼프  정치적 ,World
러시아 에너지 테러 혹한의 겨울 맞은 우크라이나,World
 메시가 좋아서          자전거 타고 카타르로 향한   청년,World
 한국  조 꼴찌    강 가능성 가나보다 낮아   매체 전망,World
  코로나   신규     명 총   만    명    개월   일째 사망  ,World
일본 언론     요격 어려운 다탄두      개발 서둘러 ,World
 특파원 리포트  돌아온 트럼프는  벌거벗은 황제   선거 전문가의 진단,World
사라진     수천억원 행방에 바하마  우리가 압류 중 ,World
 트럼프 의혹  수사   법무부 특검 임명  트럼프  정치 수사  반발,World
 월드리포트   영국의 잃어버린  년 과 한국의 과제,World
미국도 부동산 폭락   천만달러 집이 천만달러에도 안팔려,World
바이든 시진핑 회동 뒤 미중 통상협상도 전격 재개,World
러 우크라 전쟁 어떤 식으로 끝날까  가지 시나리오,World
 해킹 의심  사라진     자산 어디갔나 했더니 바하마  우리가 압류 ,World
한 몸 같은 두 회사  경영진은  패밀리      예고된 몰락  정혜진의        실리콘밸리 ,World
 가짜 김정은  호주 빅토리아주 하원 의원 되나,World
   세 생일  바이든  미국 사상 첫   대 현직 대통령,World
 실리콘밸리 사기극  테라노스 전     징역   년 개월 선고,World
로드먼이 말한 그  김주애     김정은       발사장서 딸 공개,World
대선출마선언 트럼프  특검 직면 미 최고의 칼잡이,World
역대 월드컵   대 이변에 남 북 나란히  번 무너진  빗장수비 ,World
미 증시  연준 긴축 우려 속에 상승마감,World
카타르 월드컵  개막 이틀 앞두고 맥주 판매 금지 왜 ,World
디샌티스   지성  있지만  드라마  없는 트럼프 대권 가도 달릴까,World
 영상 빈 살만의  와칸다  네옴시티 보니   높이      길이      거울 성벽  도시가 현실로   나우 어스 ,World
나토  러 전투기  대  발트해서 위험한 접근  가시지 않는 확전위험,World
한 미 일  프놈펜  성명 뒤에는 우크라이나가 ,World
사라진     수천억원 행방에 바하마  우리가 압류 중 ,World
 트럼프 의혹  수사   법무부 특검 임명  트럼프  정치 수사  반발,World
 월드리포트   영국의 잃어버린  년 과 한국의 과제,World
미국도 부동산 폭락   천만달러 집이 천만달러에도 안팔려,World
바이든 시진핑 회동 뒤 미중 통상협상도 전격 재개,World
러 우크라 전쟁 어떤 식으로 끝날까  가지 시나리오,World
 해킹 의심  사라진     자산 어디갔나 했더니 바하마  우리가 압류 ,World
한 몸 같은 두 회사  경영진은  패밀리      예고된 몰락  정혜진의        실리콘밸리 ,World
연준 긴축 우려 속 뉴욕증시 소폭 상승 다우       마감,World
뉴욕 증시  연준 긴축 예고 속 반등 마감 다우       ,World
   오토쇼서   전기차 새 모델 공개      수정 안되면 전망 어두워 ,World
 법무   트럼프 의혹  수사에 특검 임명 트럼프  정치적  반발,World
우크라 탈환한 헤르손서 러 점령  개월간 수백 명 구금 실종 확인   보고서,World
   억 쪽박 내고도  부도 위기  엘살바도르  비트코인 더 살 것 ,World
 인터뷰   시진핑   인 지배 체제 첫 발 산업기반 다지며  와 장기전 돌입할 것 ,World
사우디 왕세자  태국 총리 만나  개 분야 외교관계 확대 합의 서명,World
 이집트가 돌아왔다   평화의 도시에서 움트는 야심  구정은의 세계  이곳 ,World
제프리스  민주당 하원대표 출마 선언 펠로시 후임될까 종합 ,World
핀란드  내년초부터 러시아 국경 따라 철조망 건설 ,World
 백악관   미사일 발사때마다 능력 진전 언제든 핵실험 가능 ,World
바하마     에서 없어진  천   억원 규모 자산  우리가 압류 ,World
  법무부  트럼프 수사 특검 임명 트럼프   시간 뒤 성명 발표,World
이번 겨울 종전협상 시작되나    우크라이나 선택에 달려,World
 우크라전 변수  러 원유가 상한제 다음 달 개시,World
   작년 전입 많은 주  위 텍사스 전출  위는 캘리포니아,World
 법무   트럼프 의혹  수사에 특검 임명 트럼프  정치적  반발 종합 ,World
 물가억제  실업률 약간 높여도 가능    엇갈리는 연휴 소비전망   김영필의  분 월스트리트 ,World
 특파원 시선  미 중 충돌과 태국  대나무 외교 ,World
연준 긴축 우려 속 뉴욕증시 소폭 상승 다우       마감,World
뉴욕 증시  연준 긴축 예고 속 반등 마감 다우       ,World
   오토쇼서   전기차 새 모델 공개      수정 안되면 전망 어두워 ,World
 법무   트럼프 의혹  수사에 특검 임명 트럼프  정치적  반발,World
우크라 탈환한 헤르손서 러 점령  개월간 수백 명 구금 실종 확인   보고서,World
   억 쪽박 내고도  부도 위기  엘살바도르  비트코인 더 살 것 ,World
 인터뷰   시진핑   인 지배 체제 첫 발 산업기반 다지며  와 장기전 돌입할 것 ,World
사우디 왕세자  태국 총리 만나  개 분야 외교관계 확대 합의 서명,World
 이집트가 돌아왔다   평화의 도시에서 움트는 야심  구정은의 세계  이곳 ,World
제프리스  민주당 하원대표 출마 선언 펠로시 후임될까 종합 ,World
핀란드  내년초부터 러시아 국경 따라 철조망 건설 ,World
 백악관   미사일 발사때마다 능력 진전 언제든 핵실험 가능 ,World
  의존 너무 높다  핀란드 총리의 후회,World
주부에서  민주당 리더로   년   굿바이 ,World
빅맥값       원          원     엔저  바람에 관광객 북적 글로벌 포커스 ,World
   동맹위해 모든 조치 취할것       도발 절대 용인 못해 ,World
빈 살만  돌연 일본 방문 취소,World
     붕괴  후폭풍 경고음  많은 거래 기업들 문 닫을 수도 ,World
  상공서 포착된 흰 연기 방위성    미사일 관련 추정 ,World
 일본 패싱 한 빈 살만  한국 떠나기전  에게 전보 보냈다,World
빈 살만  윤 대통령에  후한 대접 감사  일본 방문 돌연 취소,World
추위 암흑에 떠는 키이우에 첫눈   종전 협상  탄력 받나,World
펠로시  이젠 새로운 세대의 시간  미 민주당 지도부서 퇴진,World
우크라      만명 단전 속에 반갑지 않은 첫눈,World
러  미국과 핵군축 고위급 대화 가능 우크라 문제는 논외  종합 ,World
 하원 승리  미국 공화당   바이든 탄핵  목표로 차남 비리 조준,World
라가르드  인플레 억제위해 성장 억제할 정도까지 금리 인상 가능  경고,World
빈 살만  후하게 대접해준 윤 대통령께 깊은 감사 ,World
직접 겨눈 칼에  심야 성명  일도 북 도발에  발끈 ,World
러 우크라  흑해 곡물수출 협정  개월 연장   국제 곡물가 내림세로,World
카타르 월드컵  사상 최초의  술 없는 월드컵  된다,World
빈 살만  일본 방문 돌연 취소  지난달 중이염으로 아랍정상회의 불참 ,World
      연기  비행운   방위성  낙하지점 인근 사진 공개,World
일본    에 낙하  절대 용납 못해 ,World
  하늘서 포착된 연기 한 줄기   방위성    미사일 연관 ,World
    년만에 최고 물가    금리인상 당분간 없다 ,World
일본  미국 본토 사정권  미국  후안무치한 위반 ,World
외신    발사       미국에 더 직접적인 핵 위협 제기 ,World
 부자 기업 증세 로 허리띠 졸라매는 영국    수낵의 승부수,World
 단독   러시아군 극도로 지쳐  우크라군의 전략은 ,World
 빈 살만  한국서 식기에만  억        억 그림은 요트에,World
 우크라 곡물 협정  진통 끝에  개월 연장 재연장은  글쎄 ,World
 자막뉴스     사정권          일본에 떨어져   초긴장한 열도,World
러  미국과 핵군축 고위급 대화 가능 죄수교환 합의 기대 ,World
도시가스값     뛰었다   년 만에 난리 난   물가,World
 금리 최대    갈수도   매파 발언 쏟아낸 연준,World
대만  시진핑     년 이후까지 집권 가능    불의한 전쟁  대비해야 ,World
러  철수한 우크라 헤르손서  주민 고문 시설  발견,World
 방위성         흔적 공중서 포착     로 정보 수집 ,World
빈 살만 방일 취소 미스터리  지난달엔 중이염에 일정 무산 ,World
단 하루라도  새 그릇 쓸래  억원 들여 싹 바꾼 빈살만,World
펠로시    민주당    년 하원 지휘봉  내려놓다,World
      연기  비행운   방위성  낙하지점 인근 사진 공개,World
일본    에 낙하  절대 용납 못해 ,World
  하늘서 포착된 연기 한 줄기   방위성    미사일 연관 ,World
    년만에 최고 물가    금리인상 당분간 없다 ,World
일본  미국 본토 사정권  미국  후안무치한 위반 ,World
외신    발사       미국에 더 직접적인 핵 위협 제기 ,World
 부자 기업 증세 로 허리띠 졸라매는 영국    수낵의 승부수,World
 단독   러시아군 극도로 지쳐  우크라군의 전략은 ,World
 빈 살만  한국서 식기에만  억        억 그림은 요트에,World
 우크라 곡물 협정  진통 끝에  개월 연장 재연장은  글쎄 ,World
 자막뉴스     사정권          일본에 떨어져   초긴장한 열도,World
에너지 시설 노린 러시아 미사일 도로 한가운데  쾅  영상 ,World
     새해 전야 생중계 음주 금지령 앤더슨 쿠퍼 앤디 코헨은 예외,World
 국방부  러군 최대     뒤로 물려 방어선 구축 ,World
북한의      발사에 긴박히 움직인 미국 국제사회도 긴장,World
북한       일본    에 낙하  기시다  가장 강한 말로 비난 ,World
 댐 공화국  미국      억원 들여 서부  개 댐 부순다,World
     년내 전기차 연    만대 생산  북미 매출     확대,World
 남매 엄마에서   권력서열  위 오른 첫 여성  펠로시 하원의장직 내려 놓는다,World
우크라  식량위기 일단 한숨 돌렸다,World
 사우디 실세  빈 살만  일본 방문 돌연 취소,World
   상원    반도체 구매에 연방예산 사용금지 추진 ,World
손정의 이젠  마이너스 손   소프트뱅크에 개인 부채만  조,World
 본토 사정권        발사  긴박히 움직인   국제사회도 긴장 종합 ,World
  년  민주 하원 인자  새 세대 위한 시간 왔다 ,World
아파트 통째 막던     이젠 확진 동만 봉쇄해 안심 ,World
 영상  혹독한 겨울 맞나 러 대규모 공습에 우크라  천만명 단전,World
 재원  언급 안 한 기후총회 결의문  긴 쇼핑목록에 불과하다 ,World
   에서 러시아가      에선 북한이 다자 외교 찬물 뿌리는  미사일 ,World
인구 줄어도 일본 집값은 왜 오르지 ,World
  방위상    미사일   전역 사정권    기시다  도발 용인 못해 ,World
   카슈끄지 암살 사건 관련 빈 살만 왕세자  면책특권  인정,World
중국 지역 절반가량서 인구 감소  러스트벨트  동북 두드러져,World
빈 살만 왕세자 일본 방문 취소  왜     아직 결정된 것 없다 ,World
 기시다  절대 용납 못 해         발사에 강한 분노,World
겨울 첫 눈 왔는데 러 대규모 공습에 주민들  발 동동 ,World
외신    미사일 발사  화성   형 개발 위한 것 기술 진전 증명 ,World
알리바바    경기둔화 직격탄  분기  어닝쇼크  기록,World
젤렌스키  푸틴  직접 협상 원한다는 신호 보내    러  상상할 수 없다  딴소리,World
 친트럼프  극우인사  애리조나 주지사 선거 패배에 불복,World
 가짜 김정은  호주 빅토리아주 의원되나 배우 하워드  출사표,World
         년  개월 만 최대인데  금리인상 당분간 없다 ,World
 본토 사정권        발사  긴박히 움직인   국제사회도 긴장,World
 호주에 잠수함 수출하고파   미련 못 버린 프랑스,World
 줌인  반독점 이슈로 번진 테일러 스위프트 티켓 판매 중단 사태,World
 한방이슈    차대전 공포  잠 못 이룬 유럽   위기의 나토,World
정체불명 해커 공격에 바누아투   일째  국가 먹통 ,World
   카슈끄지 암살 관련 소송서 빈 살만 왕세자 면책특권 인정,World
   에서 러시아가      에선 북한이 다자 외교 찬물 뿌리는  미사일 ,World
인구 줄어도 일본 집값은 왜 오르지 ,World
  방위상    미사일   전역 사정권    기시다  도발 용인 못해 ,World
   카슈끄지 암살 사건 관련 빈 살만 왕세자  면책특권  인정,World
중국 지역 절반가량서 인구 감소  러스트벨트  동북 두드러져,World
빈 살만 왕세자 일본 방문 취소  왜     아직 결정된 것 없다 ,World
 기시다  절대 용납 못 해         발사에 강한 분노,World
겨울 첫 눈 왔는데 러 대규모 공습에 주민들  발 동동 ,World
외신    미사일 발사  화성   형 개발 위한 것 기술 진전 증명 ,World
알리바바    경기둔화 직격탄  분기  어닝쇼크  기록,World
 에    조 보따리  안긴 빈 살만   방문 돌연 취소,World
 싫으면 떠나 라던 머스크 돌이킬 수 없는  줄퇴사 줄소송 러시 ,World
사우디 빈 살만 일본 방문 돌연 취소 커지는 미스터리,World
발리예바 자격정지  년 위기에 러 피겨연맹 회장  급사 ,World
머스크 등쌀에   트위터 직원  팀원 절반 이상이 퇴사 계획 중 ,World
 힘든 근무 싫으면 나가  머스크 최후통첩에 트위터 직원들 줄퇴사,World
우크라 첫눈 온 날  러 공습에 단전 최소   명 사망,World
바삭바삭한 날개  뻥튀기 로 만든 식용 드론  시험 비행 성공,World
    조 네옴시티  열쇠 쥔 빈 살만    패싱 기시다와 회담도 무산,World
         급 미사일   본토 사정권에 최고고도       추정  종합 ,World
흑해 곡물협정  개월 극적 연장   러는 에너지시설 공습 재개,World
우크라 전쟁 장기화에   첨단무기 포탄이 떨어져간다,World
 하원 첫 흑인 대표 나오나 펠로시 후임에   년생 제프리스 유력,World
      일본     내 낙하    전역 사정권  사거리    만   이상  종합 보 ,World
일본은행 총재      상당한 상승세에도 임금 더 올라야 ,World
빈 살만  돌연  방문 취소  관련 행사 줄줄이 무산,World
 탱크공장도 멈췄다    러시아  우크라 침공  개월 만에 경기침체 돌입,World
대만판 반도체법 나온다  세계  대 반도체 공급국 굳힌다 ,World
빈살만 일본 방문 취소   기시다 총리와 회담도 무산,World
존재감 커지는 인도     우크라 전쟁 속    아시아파워  부각,World
일본 방위상  북한      사정거리  만  천   이상 미국 본토 사정권 ,World
유럽에 등장한  제 의 철의 장막   러 이주민 무기화에 대응,World
 알리바바  연내 홍콩 이중 상장 연기,World
트위터 유력     후보 잭 도시  아니요  일축,World
 대만 반도체 인력   업계  엑소더스  가속 ,World
  방위상        사정거리  만 천  이상   본토 사정권 ,World
   금리 최소   까지 올라야  장 단기 금리 역전폭   년만에 최대,World
북한      일본     내 낙하 기시다  용인 못해  종합 ,World
주중   상공회장  갑자기 봉쇄될까 봐 집밖에 못 나가     방역정책 비판,World
    정상회의 빛낸 조코위 리더십  시진핑에  형님  호칭 설득 ,World
이번엔 트럼프 미디어재벌 머독의  토사구팽  약사,World
        년  서 전기차  흑자  달성 세계    만대 생산 ,World
    러시아 침략 지지하지 않는 중앙아 국가들에 감사 ,World
     그라이너 소재 확인 러 서부  죄수 유형지 로 이감,World
   폐기 핵무기 플루토늄 등 핵심 부품 보관해 재활용     ,World
  압박에   반도체업계  개방되고 포용적인 시스템  촉구,World
이틀 만에 공습 재개  핵무기 고려 안 해 ,World
기시다                안쪽으로 떨어져 절대 용납 못해 ,World
뉴욕택시    년만에 요금 올린다    포커스 ,World
미 하원 차지한 공화  바이든 일가 조사 예고 아들 집중 겨냥,World
황준국 대사  정기 투표로 안보리 비상임이사국 더 늘리자  종합 ,World
주부에서 하원의장으로  유리천장 깬   년 신화  막내리다,World
 장에  억    만원    테일러 스위프트 공연 티켓값 천정부지,World
 영상   폴란드도 안전하지 않다  오폭 미사일이 드리운 전쟁의 불안감,World
추운 겨울   핵전쟁 우려 앞 협상론 탄력 우크라전 새 국면 맞나,World
축구 사랑  국가는   닐슨   은  위 베트남  위,World
 외안구단  김정은을 국제재판정에  살몬 유엔 북한인권보고관이 말하다,World
      러  우크라 원전 모든 조치 즉각 중단하라   번째 결의안,World
빈 살만 먹은  할랄 방식 으로 만든 음식이란 ,World
바이든 푸틴 없는       시진핑에게 쏠리는 시선,World
빈살만 일본 방문 취소    양측 모두 이유는 안밝혀,World
네덜란드 법원      년 말레이 여객기 격추  러 미사일 때문  결론 형 집행 가능성은 희박,World
추운 겨울 핵전쟁 우려 앞 협상론 탄력 우크라전 새국면 맞나,World
중국 코로나 신규     명 총   만    명    개월   일째 사망  ,World
          급 미사일  발 발사      낙하 가능성  종합 ,World
러  군 현대화 계획 차질 푸틴  우크라전 포탄부터 챙기라 ,World
엘살바도르 대통령  매일  비트코인 한 개씩 사겠다 ,World
수익률     에도 엘살바도르 대통령  매일  비트코인씩 사겠다 ,World
기반시설 초토화 우크라 경제난 심각 러도 침공  개월만 경기침체 진입,World
중국 신규감염 이틀 연속  만명 넘어  과학 정밀 방역 유지 ,World
황준국 대사  정기 투표로 안보리 비상임이사국 더 늘리자  종합 ,World
주부에서 하원의장으로  유리천장 깬   년 신화  막내리다,World
 장에  억    만원    테일러 스위프트 공연 티켓값 천정부지,World
 영상   폴란드도 안전하지 않다  오폭 미사일이 드리운 전쟁의 불안감,World
추운 겨울   핵전쟁 우려 앞 협상론 탄력 우크라전 새 국면 맞나,World
축구 사랑  국가는   닐슨   은  위 베트남  위,World
곡물협정  개월 연장으로 전 세계 식량난 해소  첫눈 내린 우크라엔 러시아의 미사일 공습,World
  집 사면   년간 지하철 무료 재고털이  꼼수 ,World
 빗나간  공화당 압승  예측  여성 표 위력 과소평가했기 때문  플랫 ,World
   영국 이탈리아와 차세대 전투기 개발       년 배치,World
러 우크라 평화협상 성사되나  젤렌스키  푸틴이 직접 대화 원한다는 암시 받아 ,World
     년만에 정상회담    무책임한 도발안돼      현안 여전 ,World
  년만에 당 지도부 퇴진한 펠로시  새 세대의 시간 ,World
     쓰고    버는       카타르 월드컵  경제학,World
 지구촌 돋보기       쇼크  일파만파 길어지는  가상 자산의 겨울 ,World
 영상  러  첫눈 내린 우크라 향해 미사일 퍼부었다 젤렌스키      만명 단전   나우 어스 ,World
우크라 곡물 수출  개월 연장  식량 위기 한풀 꺾여,World
첫눈 오는데 추위에 몸서리 러시아 공습에 전기 끊긴 우크라이나,World
 줌인   재택근무자 해고  선언으로  장애인 차별  고소당한 머스크,World
 일본  영국 이탈리아와 차세대 전투기 개발     년 배치 ,World
